_internalItemID,StockCode,Description,UnitPrice
0,85123A,WHITE HANGING HEART T-LIGHT HOLDER,2.55
3,71053,WHITE METAL LANTERN,3.39
4,84406B,CREAM CUPID HEARTS COAT HANGER,2.75
5,84029G,KNITTED UNION FLAG HOT WATER BOTTLE,3.39
6,84029E,RED WOOLLY HOTTIE WHITE HEART.,3.39
7,22752,SET 7 BABUSHKA NESTING BOXES,7.65
8,21730,GLASS STAR FROSTED T-LIGHT HOLDER,4.25
9,22633,HAND WARMER UNION JACK,1.85
11,22632,HAND WARMER RED POLKA DOT,1.85
12,84879,ASSORTED COLOUR BIRD ORNAMENT,1.69
15,22745,POPPY'S PLAYHOUSE BEDROOM ,2.1
16,22748,POPPY'S PLAYHOUSE KITCHEN,2.1
17,22749,FELTCRAFT PRINCESS CHARLOTTE DOLL,3.75
18,22310,IVORY KNITTED MUG COSY ,1.65
19,84969,BOX OF 6 ASSORTED COLOUR TEASPOONS,4.25
20,22623,BOX OF VINTAGE JIGSAW BLOCKS ,4.95
21,22622,BOX OF VINTAGE ALPHABET BLOCKS,9.95
22,21754,HOME BUILDING BLOCK WORD,5.95
23,21755,LOVE BUILDING BLOCK WORD,5.95
24,21777,RECIPE BOX WITH METAL HEART,7.95
25,48187,DOORMAT NEW ENGLAND,7.95
26,22960,JAM MAKING SET WITH JARS,4.25
28,22913,RED COAT RACK PARIS FASHION,4.95
29,22912,YELLOW COAT RACK PARIS FASHION,4.95
30,22914,BLUE COAT RACK PARIS FASHION,4.95
31,21756,BATH BUILDING BLOCK WORD,5.95
33,22728,ALARM CLOCK BAKELIKE PINK,3.75
36,22727,ALARM CLOCK BAKELIKE RED ,3.75
37,22726,ALARM CLOCK BAKELIKE GREEN,3.75
38,21724,PANDA AND BUNNIES STICKER SHEET,0.85
39,21883,STARS GIFT TAPE ,0.65
40,10002,INFLATABLE POLITICAL GLOBE ,0.85
41,21791,VINTAGE HEADS AND TAILS CARD GAME ,1.25
42,21035,SET/2 RED RETROSPOT TEA TOWELS ,2.95
43,22326,ROUND SNACK BOXES SET OF4 WOODLAND ,2.95
44,22629,SPACEBOY LUNCH BOX ,1.95
45,22659,LUNCH BOX I LOVE LONDON,1.95
46,22631,CIRCUS PARADE LUNCH BOX ,1.95
47,22661,CHARLOTTE BAG DOLLY GIRL DESIGN,0.85
48,21731,RED TOADSTOOL LED NIGHT LIGHT,1.65
49,22900, SET 2 TEA TOWELS I LOVE LONDON ,2.95
50,21913,VINTAGE SEASIDE JIGSAW PUZZLES,3.75
51,22540,MINI JIGSAW CIRCUS PARADE ,0.42
52,22544,MINI JIGSAW SPACEBOY,0.42
53,22492,MINI PAINT SET VINTAGE ,0.65
54,POST,POSTAGE,18
55,22086,PAPER CHAIN KIT 50'S CHRISTMAS ,2.55
60,20679,EDWARDIAN PARASOL RED,4.95
61,37370,RETRO COFFEE MUGS ASSORTED,1.06
62,21871,SAVE THE PLANET MUG,1.06
63,21071,VINTAGE BILLBOARD DRINK ME MUG,1.06
64,21068,VINTAGE BILLBOARD LOVE/HATE MUG,1.06
65,82483,WOOD 2 DRAWER CABINET WHITE FINISH,4.95
66,82486,WOOD S/3 CABINET ANT WHITE FINISH,6.95
67,82482,WOODEN PICTURE FRAME WHITE FINISH,2.1
68,82494L,WOODEN FRAME ANTIQUE WHITE ,2.55
69,21258,VICTORIAN SEWING BOX LARGE,10.95
73,22114,HOT WATER BOTTLE TEA AND SYMPATHY,3.45
76,21733,RED HANGING HEART T-LIGHT HOLDER,2.55
78,22386,JUMBO BAG PINK POLKADOT,1.95
81,85099C,JUMBO  BAG BAROQUE BLACK WHITE,1.95
82,21033,JUMBO BAG CHARLIE AND LOLA TOYS,2.95
83,20723,STRAWBERRY CHARLOTTE BAG,0.85
84,84997B,RED 3 PIECE RETROSPOT CUTLERY SET,3.75
85,84997C,BLUE 3 PIECE POLKADOT CUTLERY SET,3.75
86,21094,SET/6 RED SPOTTY PAPER PLATES,0.85
87,20725,LUNCH BAG RED RETROSPOT,1.65
88,21559,STRAWBERRY LUNCH BOX WITH CUTLERY,2.55
89,22352,LUNCH BOX WITH CUTLERY RETROSPOT ,2.55
90,21212,PACK OF 72 RETROSPOT CAKE CASES,0.42
91,21975,PACK OF 60 DINOSAUR CAKE CASES,0.55
92,21977,PACK OF 60 PINK PAISLEY CAKE CASES,0.55
93,84991,60 TEATIME FAIRY CAKE CASES,0.55
94,84519A,TOMATO CHARLIE+LOLA COASTER SET,2.95
95,85183B,CHARLIE & LOLA WASTEPAPER BIN FLORA,1.25
96,85071B,RED CHARLIE+LOLA PERSONAL DOORSIGN,0.38
97,21931,JUMBO STORAGE BAG SUKI,1.95
98,21929,JUMBO BAG PINK VINTAGE PAISLEY,1.95
99,22961,JAM MAKING SET PRINTED,1.45
102,22139,RETROSPOT TEA SET CERAMIC 11 PC ,4.25
105,84854,GIRLY PINK TOOL SET,4.95
106,22411,JUMBO SHOPPER VINTAGE RED PAISLEY,1.95
107,82567,"AIRLINE LOUNGE,METAL SIGN",2.1
108,21672,WHITE SPOT RED CERAMIC DRAWER KNOB,1.25
109,22774,RED DRAWER KNOB ACRYLIC EDWARDIAN,1.25
110,22771,CLEAR DRAWER KNOB ACRYLIC EDWARDIAN,1.25
111,71270,PHOTO CLIP LINE,1.25
112,22262,FELT EGG COSY CHICKEN,0.85
113,22637,PIGGY BANK RETROSPOT ,2.55
114,21934,SKULL SHOULDER BAG,1.65
115,21169,YOU'RE CONFUSING ME METAL SIGN ,1.69
116,21166,COOK WITH WINE METAL SIGN ,1.95
117,21175,GIN + TONIC DIET METAL SIGN,2.1
118,37444A,YELLOW BREAKFAST CUP AND SAUCER,2.95
119,37444C,PINK BREAKFAST CUP AND SAUCER ,2.95
120,22083,PAPER CHAIN KIT RETROSPOT,2.95
121,84971S,SMALL HEART FLOWERS HOOK ,0.85
122,47580,TEA TIME DES TEA COSY,2.55
123,22261,FELT EGG COSY WHITE RABBIT ,0.85
124,84832,ZINC WILLIE WINKIE  CANDLE STICK,0.85
125,22644,CERAMIC CHERRY CAKE MONEY BANK,1.45
126,21533,RETROSPOT LARGE MILK JUG,4.95
127,21557,SET OF 6 FUNKY BEAKERS,2.95
128,15056BL,EDWARDIAN PARASOL BLACK,5.95
129,15056N,EDWARDIAN PARASOL NATURAL,5.95
130,22646,CERAMIC STRAWBERRY CAKE MONEY BANK,1.45
131,22176,BLUE OWL SOFT TOY,2.95
132,22438,BALLOON ART MAKE YOUR OWN FLOWERS,1.95
133,22778,GLASS CLOCHE SMALL,3.95
134,22719,GUMBALL MONOCHROME COAT RACK,1.06
135,21523,DOORMAT FANCY FONT HOME SWEET HOME,6.75
136,D,Discount,27.5
141,21912,VINTAGE SNAKES & LADDERS,3.75
142,21832,CHOCOLATE CALCULATOR,1.65
143,22379,RECYCLING BAG RETROSPOT ,2.1
144,22381,TOY TIDY PINK POLKADOT,1.85
145,22798,ANTIQUE GLASS DRESSING TABLE POT,2.95
146,22926,IVORY GIANT GARDEN THERMOMETER,5.95
147,22839,3 TIER CAKE TIN GREEN AND CREAM,14.95
148,22838,3 TIER CAKE TIN RED AND CREAM,14.95
149,22783,SET 3 WICKER OVAL BASKETS W LIDS,16.95
150,35004C,SET OF 3 COLOURED  FLYING DUCKS,4.65
152,82484,WOOD BLACK BOARD ANT WHITE FINISH,6.45
155,84755,COLOUR GLASS T-LIGHT HOLDER HANGING,0.65
156,22464,HANGING METAL HEART LANTERN,1.65
157,21324,HANGING MEDINA LANTERN SMALL,2.95
158,22457,NATURAL SLATE HEART CHALKBOARD ,2.95
159,22469,HEART OF WICKER SMALL,1.45
160,22470,HEART OF WICKER LARGE,2.55
161,22224,WHITE LOVEBIRD LANTERN,2.95
162,21340,CLASSIC METAL BIRDCAGE PLANT HOLDER,12.75
163,22189,CREAM HEART CARD HOLDER,3.95
164,22427,ENAMEL FLOWER JUG CREAM,5.95
165,22428,ENAMEL FIRE BUCKET CREAM,6.95
166,22424,ENAMEL BREAD BIN CREAM,10.95
169,22663,JUMBO BAG DOLLY GIRL DESIGN,1.95
170,85049A,TRADITIONAL CHRISTMAS RIBBONS,1.25
171,22168,ORGANISER WOOD ANTIQUE WHITE ,8.5
172,22662,LUNCH BAG DOLLY GIRL DESIGN,1.65
173,84880,WHITE WIRE EGG HOLDER,4.95
176,85099B,JUMBO BAG RED RETROSPOT,1.65
177,79321,CHILLI LIGHTS,3.82
179,22780,LIGHT GARLAND BUTTERFILES PINK,3.37
180,22779,WOODEN OWLS LIGHT GARLAND ,3.37
181,22466,FAIRY TALE COTTAGE NIGHTLIGHT,1.45
184,21363,HOME SMALL WOOD LETTERS,4.95
185,21411,GINGHAM HEART  DOORSTOP RED,4.25
186,22318,FIVE HEART HANGING DECORATION,2.95
187,22915,ASSORTED BOTTLE TOP  MAGNETS ,0.42
188,22922,FRIDGE MAGNETS US DINER ASSORTED,0.85
189,22969,HOMEMADE JAM SCENTED CANDLES,1.45
190,22923,FRIDGE MAGNETS LES ENFANTS ASSORTED,0.85
191,21115,ROSE CARAVAN DOORSTOP,6.75
192,22242,5 HOOK HANGER MAGIC TOADSTOOL,1.65
193,22941,CHRISTMAS LIGHTS 10 REINDEER,8.5
196,21622,VINTAGE UNION JACK CUSHION COVER,4.95
197,35004G,SET OF 3 GOLD FLYING DUCKS,6.35
198,85014B,RED RETROSPOT UMBRELLA,5.95
199,85014A,BLACK/BLUE POLKADOT UMBRELLA,5.95
200,22193,RED DINER WALL CLOCK,8.5
201,22192,BLUE DINER WALL CLOCK,8.5
202,22191,IVORY DINER WALL CLOCK,8.5
203,22195,LARGE HEART MEASURING SPOONS,1.65
204,22196,SMALL HEART MEASURING SPOONS,0.85
207,22962,JAM JAR WITH PINK LID,0.72
208,22963,JAM JAR WITH GREEN LID,0.72
209,22968,ROSE COTTAGE KEEPSAKE BOX ,8.5
210,84970S,HANGING HEART ZINC T-LIGHT HOLDER,0.64
211,22910,PAPER CHAIN KIT VINTAGE CHRISTMAS,2.55
212,20668,DISCO BALL CHRISTMAS DECORATION,0.1
213,22197,SMALL POPCORN HOLDER,0.72
214,22198,LARGE POPCORN HOLDER ,1.45
215,21080,SET/20 RED RETROSPOT PAPER NAPKINS ,0.64
216,21086,SET/6 RED SPOTTY PAPER CUPS,0.65
217,21786,POLKADOT RAIN HAT ,0.32
218,22654,DELUXE SEWING KIT ,4.95
219,21485,RETROSPOT HEART HOT WATER BOTTLE,4.25
220,84030E,ENGLISH ROSE HOT WATER BOTTLE,3.75
221,22174,PHOTO CUBE,1.48
222,22556,PLASTERS IN TIN CIRCUS PARADE ,1.65
225,21984,PACK OF 12 PINK PAISLEY TISSUES ,0.29
226,21983,PACK OF 12 BLUE PAISLEY TISSUES ,0.29
227,21980,PACK OF 12 RED RETROSPOT TISSUES ,0.29
228,21484,CHICK GREY HOT WATER BOTTLE,3.45
229,22557,PLASTERS IN TIN VINTAGE PAISLEY ,1.65
230,22553,PLASTERS IN TIN SKULLS,1.65
231,22150,3 STRIPEY MICE FELTCRAFT,1.95
234,22619,SET OF 6 SOLDIER SKITTLES,3.75
235,21891,TRADITIONAL WOODEN SKIPPING ROPE,1.25
236,21889,WOODEN BOX OF DOMINOES,1.25
237,22827,RUSTIC  SEVENTEEN DRAWER SIDEBOARD,165
238,22127,PARTY CONES CARNIVAL ASSORTED,1.25
239,22128,PARTY CONES CANDY ASSORTED,1.25
240,22502,PICNIC BASKET WICKER SMALL,5.95
241,22338,STAR DECORATION PAINTED ZINC ,0.65
242,22180,RETROSPOT LAMP,9.95
245,21506,"FANCY FONT BIRTHDAY CARD, ",0.42
248,22866,HAND WARMER SCOTTY DOG DESIGN,1.85
249,22865,HAND WARMER OWL DESIGN,1.85
250,22349,DOG BOWL CHASING BALL DESIGN,3.75
251,22558,CLOTHES PEGS RETROSPOT PACK 24 ,1.25
252,85152,HAND OVER THE CHOCOLATE   SIGN ,2.1
253,22652,TRAVEL SEWING KIT,1.65
254,22188,BLACK HEART CARD HOLDER,3.95
257,21314,SMALL GLASS HEART TRINKET POT,2.1
258,22730,ALARM CLOCK BAKELIKE IVORY,3.75
259,22729,ALARM CLOCK BAKELIKE ORANGE,3.75
260,22867,HAND WARMER BIRD DESIGN,2.1
262,22803,IVORY EMBROIDERED QUILT ,35.75
263,35004B,SET OF 3 BLACK FLYING DUCKS,4.65
268,21844,RED RETROSPOT MUG,2.95
269,22468,BABUSHKA LIGHTS STRING OF 10,6.75
270,48185,DOORMAT FAIRY CAKE,7.95
271,21232,STRAWBERRY CERAMIC TRINKET BOX,1.25
272,22064,PINK DOUGHNUT TRINKET POT ,1.65
273,22449,SILK PURSE BABUSHKA PINK,3.35
274,22835,HOT WATER BOTTLE I AM SO POORLY,4.65
275,22112,CHOCOLATE HOT WATER BOTTLE,4.95
276,21479,WHITE SKULL HOT WATER BOTTLE ,3.75
277,22111,SCOTTIE DOG HOT WATER BOTTLE,4.95
280,22110,BIRD HOUSE HOT WATER BOTTLE,2.55
283,22098,BOUDOIR SQUARE TISSUE BOX,1.25
284,22100,SKULLS SQUARE TISSUE BOX,1.25
285,22766,PHOTO FRAME CORNICE,2.95
286,22451,SILK PURSE BABUSHKA RED,3.35
287,22549,PICTURE DOMINOES,1.45
288,84744,S/6 SEW ON CROCHET FLOWERS,1.25
289,85049E,SCANDINAVIAN REDS RIBBONS,1.25
290,21328,BALLOONS  WRITING SET ,1.65
291,17091A,LAVENDER INCENSE IN TIN,1.25
292,22473,TV DINNER TRAY VINTAGE PAISLEY,4.95
293,84509A,SET OF 4 ENGLISH ROSE PLACEMATS,3.75
294,84510A,SET OF 4 ENGLISH ROSE COASTERS,1.25
295,22767,TRIPLE PHOTO FRAME CORNICE ,9.95
296,22768,FAMILY PHOTO FRAME CORNICE,9.95
297,21463,MIRRORED DISCO BALL ,5.95
298,21464,DISCO BALL ROTATOR BATTERY OPERATED,4.25
299,20820,SILVER LOOKING MIRROR,4.95
300,85150,LADIES & GENTLEMEN METAL SIGN,2.55
301,22117,METAL SIGN HER DINNER IS SERVED ,2.95
302,48129,DOORMAT TOPIARY,7.95
303,82580,BATHROOM METAL SIGN,0.55
304,82578,KITCHEN METAL SIGN,0.55
305,82581,TOILET METAL SIGN,0.55
306,22413,METAL SIGN TAKE IT OR LEAVE IT ,2.95
307,21907,I'M ON HOLIDAY METAL SIGN,2.1
308,22441,GROW YOUR OWN BASIL IN ENAMEL MUG,2.1
309,21122,SET/10 PINK POLKADOT PARTY CANDLES,1.25
310,22851,SET 20 NAPKINS FAIRY CAKES DESIGN ,0.85
311,22810,SET OF 6 T-LIGHTS SNOWMEN,2.95
312,22809,SET OF 6 T-LIGHTS SANTA,2.95
313,22435,SET OF 9 HEART SHAPED BALLOONS,1.25
314,20966,SANDWICH BATH SPONGE,1.25
315,20963,APPLE BATH SPONGE,1.25
316,20961,STRAWBERRY BATH SPONGE ,1.25
317,22068,BLACK PIRATE TREASURE CHEST,1.65
318,21743,STAR PORTABLE TABLE LIGHT ,2.95
319,21744,SNOWFLAKE PORTABLE TABLE LIGHT ,2.95
320,84709B,PINK OVAL JEWELLED MIRROR,5.95
321,21592,RETROSPOT CIGAR BOX MATCHES ,1.25
322,21587,COSY HOUR GIANT TUBE MATCHES,2.55
323,20992,JAZZ HEARTS PURSE NOTEBOOK,0.85
324,22804,CANDLEHOLDER PINK HANGING HEART,2.95
325,20749,ASSORTED COLOUR MINI CASES,7.95
326,22382,LUNCH BAG SPACEBOY DESIGN ,1.65
327,20726,LUNCH BAG WOODLAND,1.65
328,22384,LUNCH BAG PINK POLKADOT,1.65
329,22467,GUMBALL COAT RACK,2.55
330,84625C,BLUE NEW BAROQUE CANDLESTICK CANDLE,2.95
331,84625A,PINK NEW BAROQUECANDLESTICK CANDLE,2.95
332,21108,FAIRY CAKE FLANNEL ASSORTED COLOUR,2.55
333,22848,BREAD BIN DINER STYLE PINK,16.95
334,47570B,TEA TIME TABLE CLOTH,10.65
337,22837,HOT WATER BOTTLE BABUSHKA ,4.25
340,22297,HEART IVORY TRELLIS SMALL,1.25
343,22772,PINK DRAWER KNOB ACRYLIC EDWARDIAN,1.25
344,22773,GREEN DRAWER KNOB ACRYLIC EDWARDIAN,1.25
345,22805,BLUE DRAWER KNOB ACRYLIC EDWARDIAN,1.25
346,21125,SET 6 FOOTBALL CELEBRATION CANDLES,1.25
347,21126,SET OF 6 GIRLS CELEBRATION CANDLES,1.25
348,85049C,ROMANTIC PINKS RIBBONS ,1.25
349,85049D,BRIGHT BLUES RIBBONS ,1.25
350,85049G,CHOCOLATE BOX RIBBONS ,1.25
351,21061,PARTY INVITES FOOTBALL,0.85
352,21063,PARTY INVITES JAZZ HEARTS,0.85
353,21062,PARTY INVITES SPACEMAN,0.85
354,84380,SET OF 3 BUTTERFLY COOKIE CUTTERS,1.25
355,84378,SET OF 3 HEART COOKIE CUTTERS,1.25
356,22964,3 PIECE SPACEBOY COOKIE CUTTER SET,2.1
357,21213,PACK OF 72 SKULL CAKE CASES,0.55
358,22417,PACK OF 60 SPACEBOY CAKE CASES,0.55
359,84992,72 SWEETHEART FAIRY CAKE CASES,0.55
360,22383,LUNCH BAG SUKI  DESIGN ,1.65
361,20728,LUNCH BAG CARS BLUE,1.65
362,20727,LUNCH BAG  BLACK SKULL.,1.65
363,22296,HEART IVORY TRELLIS LARGE,1.65
364,20914,SET/5 RED RETROSPOT LID GLASS BOWLS,2.55
369,22537,MAGIC DRAWING SLATE DINOSAUR,0.42
372,22533,MAGIC DRAWING SLATE BAKE A CAKE ,0.42
373,20982,12 PENCILS TALL TUBE SKULLS,0.85
374,21915,RED  HARMONICA IN BOX ,1.25
375,21914,BLUE HARMONICA IN BOX ,1.25
376,21544,SKULLS  WATER TRANSFER TATTOOS ,0.85
377,22813,PACK 3 BOXES BIRD PANNETONE ,1.95
378,84375,SET OF 20 KIDS COOKIE CUTTERS,2.1
379,22418,10 COLOUR SPACEBOY PEN,0.85
380,22178,VICTORIAN GLASS HANGING T-LIGHT,1.25
381,84970L,SINGLE HEART ZINC T-LIGHT HOLDER,0.95
382,22465,HANGING METAL STAR LANTERN,1.65
383,84949,SILVER HANGING T-LIGHT HOLDER,1.65
384,20685,DOORMAT RED RETROSPOT,7.95
385,48194,DOORMAT HEARTS,7.95
386,22488,NATURAL SLATE RECTANGLE CHALKBOARD,1.65
387,22219,LOVEBIRD HANGING DECORATION WHITE ,0.85
388,22610,PENS ASSORTED FUNNY FACE,0.85
389,22716,CARD CIRCUS PARADE,0.42
390,22706,WRAP COWBOYS  ,0.42
391,22371,AIRLINE BAG VINTAGE TOKYO 78,4.25
392,21210,SET OF 72 RETROSPOT PAPER  DOILIES,1.45
393,16237,SLEEPING CAT ERASERS,0.21
394,22714,CARD BIRTHDAY COWBOY,0.42
395,22812,PACK 3 BOXES CHRISTMAS PANNETONE,1.95
396,84347,ROTATING SILVER ANGELS T-LIGHT HLDR,2.55
397,22736,RIBBON REEL MAKING SNOWMEN ,1.65
398,22620,4 TRADITIONAL SPINNING TOPS,1.25
399,21705,BAG 500g SWIRLY MARBLES,1.65
400,90199C,5 STRAND GLASS NECKLACE CRYSTAL,6.35
403,22785,SQUARECUSHION COVER PINK UNION FLAG,6.75
404,22975,SPACEBOY CHILDRENS EGG CUP,1.25
405,22972,CHILDREN'S SPACEBOY MUG,1.65
406,22568,FELTCRAFT CUSHION OWL,3.75
407,85116,BLACK CANDELABRA T-LIGHT HOLDER,2.1
408,22664,TOY TIDY DOLLY GIRL DESIGN,2.1
409,21609,SET 12 LAVENDER  BOTANICAL T-LIGHTS,2.95
410,21866,UNION JACK FLAG LUGGAGE TAG,1.25
411,20669,RED HEART LUGGAGE TAG,1.25
412,90129F,RED GLASS TASSLE BAG CHARM,2.95
413,90210B,CLEAR ACRYLIC FACETED BANGLE,2.95
414,21955,DOORMAT UNION JACK GUNS AND ROSES,7.95
415,72802C,VANILLA SCENT CANDLE JEWELLED BOX,4.25
416,22109,FULL ENGLISH BREAKFAST PLATE,3.75
417,22531,MAGIC DRAWING SLATE CIRCUS PARADE  ,0.42
418,21811,CHRISTMAS HANGING HEART WITH BELL,1.25
419,22183,CAKE STAND VICTORIAN FILIGREE MED,6.75
420,21678,PAISLEY PATTERN  STICKERS,0.85
421,21676,FLOWERS  STICKERS,0.85
422,85169B,BLACK LOVE BIRD CANDLE,1.25
423,16238,PARTY TIME PENCIL ERASERS,0.21
424,84906,PINK B'FLY C/COVER W BOBBLES,5.95
425,21867,PINK UNION JACK  LUGGAGE TAG,1.25
426,22075,6 RIBBONS ELEGANT CHRISTMAS ,1.65
427,21326,AGED GLASS SILVER T-LIGHT HOLDER,0.65
428,21065,BOOM BOX SPEAKER GIRLS,5.95
429,22074,6 RIBBONS SHIMMERING PINKS ,1.65
430,20713,JUMBO BAG OWLS,1.95
431,21116,OWL DOORSTOP,4.95
432,21824,PAINTED METAL STAR WITH HOLLY BELLS,1.45
433,21823,PAINTED METAL HEART WITH HOLLY BELL,1.45
434,22153,ANGEL DECORATION STARS ON DRESS,0.42
435,85099F,JUMBO BAG STRAWBERRY,1.95
436,20717,STRAWBERRY SHOPPER BAG,1.25
439,22328,ROUND SNACK BOXES SET OF 4 FRUITS ,2.95
440,22327,ROUND SNACK BOXES SET OF 4 SKULLS,2.95
441,22630,DOLLY GIRL LUNCH BOX,1.95
442,21245,GREEN POLKADOT PLATE ,1.69
443,21244,BLUE POLKADOT PLATE ,1.69
444,21242,RED RETROSPOT PLATE ,1.69
445,21243,PINK  POLKADOT PLATE ,1.69
446,22273,FELTCRAFT DOLL MOLLY,2.95
447,22940,FELTCRAFT CHRISTMAS FAIRY,4.25
448,22759,SET OF 3 NOTEBOOKS IN PARCEL,1.65
449,21880,RED RETROSPOT TAPE,0.65
450,21738,COSY SLIPPER SHOES SMALL  RED ,2.95
451,22077,6 RIBBONS RUSTIC CHARM,1.65
452,21448,12 DAISY PEGS IN WOOD BOX,1.65
453,22243,5 HOOK HANGER RED MAGIC TOADSTOOL,1.65
454,22141,CHRISTMAS CRAFT TREE TOP ANGEL,2.1
455,22144,CHRISTMAS CRAFT LITTLE FRIENDS,2.1
456,21739,COSY SLIPPER SHOES SMALL GREEN,2.95
457,22271,FELTCRAFT DOLL ROSIE,2.95
458,22274,FELTCRAFT DOLL EMILY,2.95
459,22751,FELTCRAFT PRINCESS OLIVIA DOLL,3.75
460,21034,REX CASH+CARRY JUMBO SHOPPER,0.95
461,22570,FELTCRAFT CUSHION RABBIT,3.75
462,22569,FELTCRAFT CUSHION BUTTERFLY,3.75
463,22902,TOTE BAG I LOVE LONDON,2.1
464,21710,FOLDING UMBRELLA PINKWHITE POLKADOT,4.95
465,21708,FOLDING UMBRELLA CREAM POLKADOT,4.95
466,21711,FOLDING UMBRELLA WHITE/RED POLKADOT,4.95
467,22179,SET 10 LIGHTS NIGHT OWL,6.75
468,21706,FOLDING UMBRELLA RED/WHITE POLKADOT,4.95
469,85184C,S/4 VALENTINE DECOUPAGE HEART BOX,2.95
470,22988,SOLDIERS EGG CUP ,1.25
471,20750,RED RETROSPOT MINI CASES,7.95
474,22952,60 CAKE CASES VINTAGE CHRISTMAS,0.55
477,22739,RIBBON REEL CHRISTMAS SOCK BAUBLE,1.65
478,22738,RIBBON REEL SNOWY VILLAGE,1.65
479,22909,SET OF 20 VINTAGE CHRISTMAS NAPKINS,0.85
480,35591T,TURQUOISE CHRISTMAS TREE ,1.25
481,22186,RED STAR CARD HOLDER,2.95
482,22695,WICKER WREATH SMALL,1.45
483,22580,ADVENT CALENDAR GINGHAM SACK,5.95
484,22147,FELTCRAFT BUTTERFLY HEARTS,1.45
485,22130,PARTY CONE CHRISTMAS DECORATION ,0.85
486,22694,WICKER STAR ,2.1
487,21790,VINTAGE SNAP CARDS,0.85
488,22149,FELTCRAFT 6 FLOWER FRIENDS,2.1
489,22321,BIRD DECORATION RED RETROSPOT,0.85
490,22594,CHRISTMAS GINGHAM TREE,0.85
491,22593,CHRISTMAS GINGHAM STAR,0.85
492,22595,CHRISTMAS GINGHAM HEART,0.85
493,21986,PACK OF 12 PINK POLKADOT TISSUES,0.29
494,22750,FELTCRAFT PRINCESS LOLA DOLL,3.75
495,22616,PACK OF 12 LONDON TISSUES ,0.29
496,22775,PURPLE DRAWERKNOB ACRYLIC EDWARDIAN,1.25
497,22899,CHILDREN'S APRON DOLLY GIRL ,2.1
498,22367,CHILDRENS APRON SPACEBOY DESIGN,1.95
499,22942,CHRISTMAS LIGHTS 10 SANTAS ,8.5
500,21976,PACK OF 60 MUSHROOM CAKE CASES,0.55
501,22951,60 CAKE CASES DOLLY GIRL DESIGN,0.55
502,22834,HAND WARMER BABUSHKA DESIGN,2.1
503,21916,SET 12 RETRO WHITE CHALK STICKS,0.42
504,22587,FELTCRAFT HAIRBAND RED AND BLUE,0.85
505,22566,FELTCRAFT HAIRBAND PINK AND PURPLE,0.85
506,22565,FELTCRAFT HAIRBANDS PINK AND WHITE ,0.85
507,22472,TV DINNER TRAY DOLLY GIRL,4.95
508,22551,PLASTERS IN TIN SPACEBOY,1.65
509,22554,PLASTERS IN TIN WOODLAND ANIMALS,1.65
510,22534,MAGIC DRAWING SLATE SPACEBOY ,0.42
511,22529,MAGIC DRAWING SLATE GO TO THE FAIR ,0.42
512,22530,MAGIC DRAWING SLATE DOLLY GIRL ,0.42
513,84032B,CHARLIE + LOLA RED HOT WATER BOTTLE,2.95
514,85049H,URBAN BLACK RIBBONS ,1.25
515,22807,SET OF 6 T-LIGHTS TOADSTOOLS,2.95
516,21494,ROTATING LEAVES T-LIGHT HOLDER,1.25
519,22938,CUPCAKE LACE PAPER SET 6,1.95
522,21892,TRADITIONAL WOODEN CATCH CUP GAME ,1.25
523,21890,S/6 WOODEN SKITTLES IN COTTON BAG,2.95
524,21718,RED METAL BEACH SPADE ,1.25
525,21716,BOYS VINTAGE TIN SEASIDE BUCKET,2.55
526,21715,GIRLS VINTAGE TIN SEASIDE BUCKET,2.55
527,22113,GREY HEART HOT WATER BOTTLE,3.75
528,22358,KINGS CHOICE TEA CADDY ,2.95
529,22357,KINGS CHOICE BISCUIT TIN,4.25
530,22115,METAL SIGN EMPIRE TEA,2.95
533,21481,FAWN BLUE HOT WATER BOTTLE,2.95
536,22585,PACK OF 6 BIRDY GIFT TAGS,1.25
537,21556,CERAMIC STRAWBERRY MONEY BOX,2.55
538,22645,CERAMIC HEART FAIRY CAKE MONEY BANK,1.45
539,22650,CERAMIC PIRATE CHEST MONEY BANK,1.45
540,22508,DOORSTOP RETROSPOT HEART,3.75
541,22511,RETROSPOT BABUSHKA DOORSTOP,3.75
542,22829,SWEETHEART WIRE WALL TIDY,9.95
543,21154,RED RETROSPOT OVEN GLOVE ,1.06
546,17021,NAMASTE SWAGAT INCENSE,0.24
547,22059,CERAMIC STRAWBERRY DESIGN MUG,1.25
548,84678,CLASSICAL ROSE SMALL VASE,1.25
549,85172,HYACINTH BULB T-LIGHT CANDLES,0.42
552,22142,CHRISTMAS CRAFT WHITE FAIRY ,1.45
553,21591,COSY HOUR CIGAR BOX MATCHES ,1.25
554,22480,RED TEA TOWEL CLASSIC DESIGN,1.25
555,22294,HEART FILIGREE DOVE  SMALL,1.25
556,21156,RETROSPOT CHILDRENS APRON,1.95
557,10133,COLOURING PENCILS BROWN TUBE,0.85
558,72800E,4 IVORY DINNER CANDLES SILVER FLOCK,2.55
559,84836,ZINC METAL HEART DECORATION,1.25
560,20774,GREEN FERN NOTEBOOK,1.65
561,20773,BLUE PAISLEY NOTEBOOK,1.65
562,20777,CHRYSANTHEMUM NOTEBOOK,1.65
563,16016,LARGE CHINESE STYLE SCISSOR,0.85
564,16014,SMALL CHINESE STYLE SCISSOR,0.42
565,21651,HANGING GLASS ETCHED TEALIGHT,1.65
566,22618,COOKING SET RETROSPOT,9.95
567,21586,KINGS CHOICE GIANT TUBE MATCHES,2.55
568,22152,PLACE SETTING WHITE STAR,0.42
569,84754,S/15 SILVER GLASS BAUBLES IN BAG,1.25
570,22670,FRENCH WC SIGN BLUE METAL,1.25
573,84849B,FAIRY SOAP SOAP HOLDER,1.69
574,22927,GREEN GIANT GARDEN THERMOMETER,5.95
575,22925,BLUE GIANT GARDEN THERMOMETER,5.95
576,21259,VICTORIAN SEWING BOX SMALL ,5.95
577,21257,VICTORIAN SEWING BOX MEDIUM,7.95
578,21121,SET/10 RED POLKADOT PARTY CANDLES,1.25
579,82552,WASHROOM METAL SIGN,1.45
581,90200B,BLACK SWEETHEART BRACELET,4.25
584,90059B,DIAMANTE HAIR GRIP PACK/2 BLACK DIA,1.65
585,90185C,BLACK DIAMANTE EXPANDABLE RING,4.25
586,90059E,DIAMANTE HAIR GRIP PACK/2 RUBY,1.65
587,90059C,DIAMANTE HAIR GRIP PACK/2 MONTANA,1.65
588,90200C,BLUE SWEETHEART BRACELET,4.25
589,90200D,PINK SWEETHEART BRACELET,4.25
590,90200A,PURPLE SWEETHEART BRACELET,4.25
591,22737,RIBBON REEL CHRISTMAS PRESENT ,1.65
592,21260,FIRST AID TIN,3.25
593,22744,MAKE YOUR OWN MONSOON CARD KIT,2.95
594,21985,PACK OF 12 HEARTS DESIGN TISSUES ,0.29
595,22295,HEART FILIGREE DOVE LARGE,1.65
596,16258A,SWIRLY CIRCULAR RUBBERS IN BAG,0.42
597,21992,VINTAGE PAISLEY STATIONERY SET,2.95
598,21124,SET/10 BLUE POLKADOT PARTY CANDLES,1.25
599,22735,RIBBON REEL SOCKS AND MITTENS,1.65
600,22945,CHRISTMAS METAL TAGS ASSORTED ,0.85
601,21816,CHRISTMAS TREE T-LIGHT HOLDER,1.45
602,21815,STAR  T-LIGHT HOLDER ,1.45
603,21814,HEART T-LIGHT HOLDER ,1.45
604,10125,MINI FUNKY DESIGN TAPES,0.85
605,22573,STAR WOODEN CHRISTMAS DECORATION,0.85
606,22577,WOODEN HEART CHRISTMAS SCANDINAVIAN,0.85
607,22603,CHRISTMAS RETROSPOT TREE WOOD,0.85
608,20878,SET/9 CHRISTMAS T-LIGHTS SCENTED ,1.25
609,20866,BLUE ROSE FABRIC MIRROR,1.25
610,85095,THREE CANVAS LUGGAGE TAGS,1.95
611,22333,RETROSPOT PARTY BAG + STICKER SET,1.65
612,21584,RETROSPOT SMALL TUBE MATCHES,1.65
613,22731,3D CHRISTMAS STAMPS STICKERS ,1.25
614,22956,36 FOIL HEART CAKE CASES,2.1
615,22582,PACK OF 6 SWEETIE GIFT BOXES,2.55
616,85231B,CINAMMON SET OF 9 T-LIGHTS,0.85
617,85231G,ORANGE SCENTED SET/9 T-LIGHTS,0.85
618,22082,RIBBON REEL STRIPES DESIGN ,1.65
619,22500,SET OF 2 TINS JARDIN DE PROVENCE,4.95
620,22742,MAKE YOUR OWN PLAYTIME CARD KIT,2.95
621,21329,DINOSAURS  WRITING SET ,1.65
622,21327,SKULLS WRITING SET ,1.65
623,48173C,DOORMAT BLACK FLOCK ,7.95
624,72818,CHRISTMAS DECOUPAGE CANDLE,0.85
625,22312,OFFICE MUG WARMER POLKADOT,2.95
629,21137,BLACK RECORD COVER FRAME,3.39
630,22041,"RECORD FRAME 7"" SINGLE SIZE ",2.1
631,20979,36 PENCILS TUBE RED RETROSPOT,1.25
632,20977,36 PENCILS TUBE WOODLAND,1.25
633,22571,ROCKING HORSE RED CHRISTMAS ,0.72
634,22423,REGENCY CAKESTAND 3 TIER,10.95
637,21621,VINTAGE UNION JACK BUNTING,8.5
638,47563A,RETRO LONGBOARD IRONING BOARD COVER,3.75
639,84558A,3D DOG PICTURE PLAYING CARDS,2.95
640,21577,SAVE THE PLANET COTTON TOTE BAG,2.25
641,22087,PAPER BUNTING WHITE LACE,2.95
642,22651,GENTLEMAN SHIRT REPAIR KIT ,0.85
643,22713,CARD I LOVE LONDON ,0.42
644,21370,MIRRORED WALL ART FOXY,6.35
645,21367,MIRRORED WALL ART GENTS,2.55
646,22376,AIRLINE BAG VINTAGE JET SET WHITE,4.25
647,21895,POTTING SHED SOW 'N' GROW SET,4.25
648,22372,AIRLINE BAG VINTAGE WORLD CHAMPION ,4.25
649,21190,PINK HEARTS PAPER GARLAND,1.65
650,21894,POTTING SHED SEED ENVELOPES,1.25
651,70007,HI TEC ALPINE HAND WARMER,1.65
654,46000M,POLYESTER FILLER PAD 45x45cm,1.55
655,22712,CARD DOLLY GIRL ,0.42
656,22983,CARD BILLBOARD FONT,0.42
657,22024,RAINY LADIES BIRTHDAY CARD,0.42
658,21488,RED WHITE SCARF  HOT WATER BOTTLE,3.95
659,22895,SET OF 2 TEA TOWELS APPLE AND PEARS,2.95
662,22784,LANTERN CREAM GAZEBO ,4.95
663,21441,BLUE BIRDHOUSE DECORATION,0.85
664,84947,ANTIQUE SILVER TEA GLASS ENGRAVED,1.06
670,22485,SET OF 2 WOODEN MARKET CRATES,12.75
671,21794,CLASSIC FRENCH STYLE BASKET NATURAL,6.75
674,20707,CRAZY DAISY HEART DECORATION,1.25
675,22588,CARD HOLDER GINGHAM HEART,2.55
676,21292,SMALL STRIPES CHOCOLATE GIFT BAG ,0.85
677,22760,"TRAY, BREAKFAST IN BED",12.75
678,22107,PIZZA PLATE IN BOX,3.75
679,21486,PINK HEART DOTS HOT WATER BOTTLE,3.75
680,22151,PLACE SETTING WHITE HEART,0.42
681,22643,SET OF 4 NAPKIN CHARMS LEAVES   ,2.55
682,22642,SET OF 4 NAPKIN CHARMS STARS   ,2.55
683,22604,SET OF 4 NAPKIN CHARMS CUTLERY,2.55
684,22099,CARAVAN SQUARE TISSUE BOX,1.25
685,22653,BUTTON BOX ,1.95
686,22906,12 MESSAGE CARDS WITH ENVELOPES,1.65
687,22754,SMALL RED BABUSHKA NOTEBOOK ,0.85
688,22919,HERB MARKER MINT,0.65
689,22917,HERB MARKER ROSEMARY,0.65
690,22920,HERB MARKER BASIL,0.65
691,22921,HERB MARKER CHIVES ,0.65
692,22918,HERB MARKER PARSLEY,0.65
693,22916,HERB MARKER THYME,0.65
694,22575,METAL MERRY CHRISTMAS WREATH,1.95
695,21804,WHITE CHRISTMAS GARLAND STARS TREES,3.75
696,21588,RETROSPOT GIANT TUBE MATCHES,2.55
697,22955,36 FOIL STAR CAKE CASES ,2.1
698,22583,PACK OF 6 HANDBAG GIFT BOXES,2.55
699,22241,GARLAND WOODEN HAPPY EASTER,1.25
700,22904,CALENDAR PAPER CUT DESIGN,2.95
701,22905,CALENDAR IN SEASON DESIGN,2.95
702,22092,BLUE PAISLEY TISSUE BOX,1.25
703,22096,PINK PAISLEY SQUARE TISSUE BOX ,1.25
704,21358,TOAST ITS - HAPPY BIRTHDAY,1.25
705,21123,SET/10 IVORY POLKADOT PARTY CANDLES,1.25
706,21427,SKULLS STORAGE BOX SMALL,2.1
707,21930,JUMBO STORAGE BAG SKULLS,1.95
708,20772,GARDEN PATH JOURNAL,2.55
709,71406C,BLACK ORANGE SQUEEZER,0.42
710,84985A,SET OF 72 GREEN PAPER DOILIES,1.45
711,20754,RETROSPOT RED WASHING UP GLOVES,2.1
712,84596E,SMALL LICORICE DES PINK BOWL,1.25
713,21111,"SWISS ROLL TOWEL, CHOCOLATE  SPOTS",2.95
714,22501,PICNIC BASKET WICKER LARGE,9.95
715,22854,CREAM SWEETHEART EGG HOLDER,4.95
718,84997D,PINK 3 PIECE POLKADOT CUTLERY SET,3.75
721,47599A,PINK PARTY BAGS,2.1
722,47599B,BLUE PARTY BAGS ,2.1
723,20972,PINK CREAM FELT CRAFT TRINKET BOX ,1.25
724,21041,RED RETROSPOT OVEN GLOVE DOUBLE,2.95
725,21664,RIDGED GLASS STORAGE JAR CREAM LID,3.75
726,22907,PACK OF 20 NAPKINS PANTRY DESIGN,0.85
727,22776,SWEETHEART CAKESTAND 3 TIER,9.95
728,21810,CHRISTMAS HANGING STAR WITH BELL,1.25
729,21197,MULTICOLOUR  CONFETTI IN TUBE,1.65
730,85035B,CHOCOLATE 3 WICK MORRIS BOX CANDLE,4.25
731,84968C,SET OF 16 VINTAGE PISTACHIO CUTLERY,12.75
732,21098,CHRISTMAS TOILET ROLL,1.25
733,21192,WHITE BELL HONEYCOMB PAPER ,1.65
734,72800B, 4 PURPLE FLOCK DINNER CANDLES,2.55
735,84563A,PINK & WHITE BREAKFAST TRAY,5.95
736,47504H,ENGLISH ROSE SPIRIT LEVEL ,1.95
737,21742,LARGE ROUND WICKER PLATTER ,5.95
738,22481,BLACK TEA TOWEL CLASSIC DESIGN,1.25
739,22943,CHRISTMAS LIGHTS 10 VINTAGE BAUBLES,4.95
742,22699,ROSES REGENCY TEACUP AND SAUCER ,2.95
743,22217,T-LIGHT HOLDER HANGING LACE,1.25
744,22227,HANGING HEART MIRROR DECORATION ,0.65
747,21106,CREAM SLICE FLANNEL CHOCOLATE SPOT ,2.95
748,21107,CREAM SLICE FLANNEL PINK SPOT ,2.95
749,22697,GREEN REGENCY TEACUP AND SAUCER,2.95
750,21826,EIGHT PIECE DINOSAUR SET,1.25
753,22548,HEADS AND TAILS SPORTING FUN,1.25
754,17164B,ASS COL SMALL SAND GECKO P'WEIGHT,0.42
755,22429,ENAMEL MEASURING JUG CREAM,4.25
756,20974,12 PENCILS SMALL TUBE SKULL,0.65
757,20973,12 PENCIL SMALL TUBE WOODLAND,0.65
758,15044B,BLUE PAPER PARASOL ,2.95
759,21135,VICTORIAN  METAL POSTCARD SPRING,1.69
762,22173,METAL 4 HOOK HANGER FRENCH CHATEAU,2.95
763,22626,BLACK KITCHEN SCALES,8.5
764,22625,RED KITCHEN SCALES,8.5
765,22624,IVORY KITCHEN SCALES,8.5
768,84945,MULTI COLOUR SILVER T-LIGHT HOLDER,0.85
769,22244,3 HOOK HANGER MAGIC GARDEN,1.95
770,47421,ASSORTED COLOUR LIZARD SUCTION HOOK,0.42
771,20712,JUMBO BAG WOODLAND ANIMALS,1.95
772,22973,CHILDREN'S CIRCUS PARADE MUG,1.65
773,84569B,PACK 3 FIRE ENGINE/CAR PATCHES,1.25
774,22815,CARD PSYCHEDELIC APPLES,0.42
777,85114B,IVORY ENCHANTED FOREST PLACEMAT,1.65
778,22584,PACK OF 6 PANNETONE GIFT BOXES,2.55
779,22454,MEASURING TAPE BABUSHKA RED,2.95
780,85114C,RED ENCHANTED FOREST PLACEMAT,1.65
781,22974,CHILDRENS DOLLY GIRL MUG,1.65
782,21452,TOADSTOOL MONEY BOX,2.95
783,22743,MAKE YOUR OWN FLOWERPOWER CARD KIT,2.95
784,22911,PAPER CHAIN KIT LONDON,2.95
785,22453,MEASURING TAPE BABUSHKA BLUE,2.95
786,22445,PENCIL CASE LIFE IS BEAUTIFUL,2.95
787,22607,WOODEN ROUNDERS GARDEN SET ,9.95
788,22635,CHILDS BREAKFAST SET DOLLY GIRL ,9.95
789,22634,CHILDS BREAKFAST SET SPACEBOY ,9.95
790,22222,CAKE PLATE LOVEBIRD WHITE,4.95
793,22947,WOODEN ADVENT CALENDAR RED,16.95
794,22187,GREEN CHRISTMAS TREE CARD HOLDER,4.25
795,22164,STRING OF STARS CARD HOLDER,2.95
796,72598,SET/12 TAPER CANDLES,0.85
797,22627,MINT KITCHEN SCALES,8.5
798,22487,WHITE WOOD GARDEN PLANT LADDER,9.95
799,22360,GLASS JAR ENGLISH CONFECTIONERY,2.95
802,22364,GLASS JAR DIGESTIVE BISCUITS,2.95
803,21657,MILK BOTTLE WITH GLASS STOPPER ,6.95
804,22120,WELCOME  WOODEN BLOCK LETTERS,9.95
805,21038,SET/4 MODERN VINTAGE COTTON NAPKINS,2.95
806,21625,VINTAGE UNION JACK APRON,6.95
807,22097,SWALLOW SQUARE TISSUE BOX,1.25
808,21179,NO JUNK MAIL METAL SIGN,1.25
809,22185,SLATE TILE NATURAL HANGING,1.65
810,21662,VINTAGE GLASS COFFEE CADDY,5.95
811,85104,SILVER GLASS T-LIGHT SET,2.95
812,21654,RIDGED GLASS FINGER BOWL,1.45
813,21658,GLASS  BEURRE DISH,3.95
814,21519,GIN & TONIC DIET GREETING CARD ,0.42
817,22819,"BIRTHDAY CARD, RETRO SPOT",0.42
818,22704,WRAP RED APPLES ,0.42
819,21498,RED RETROSPOT WRAP ,0.42
820,22049,WRAP CHRISTMAS SCREEN PRINT,0.42
821,21497,FANCY FONTS BIRTHDAY WRAP,0.42
822,21333,CLASSIC WHITE FRAME,2.95
823,22194,BLACK DINER WALL CLOCK,8.5
824,22688,DOORMAT PEACE ON EARTH BLUE,7.95
825,84692,BOX OF 24 COCKTAIL PARASOLS,0.42
828,22444,GROW YOUR OWN PLANT IN A CAN ,1.06
829,22555,PLASTERS IN TIN STRONGMAN,1.65
830,22547,MINI JIGSAW DINOSAUR ,0.42
831,22543,MINI JIGSAW BAKE A CAKE ,0.42
832,22539,MINI JIGSAW DOLLY GIRL,0.42
833,22561,WOODEN SCHOOL COLOURING SET,1.65
834,22489,PACK OF 12 TRADITIONAL CRAYONS,0.42
835,22814,CARD PARTY GAMES ,0.42
836,21520,BOOZE & WOMEN GREETING CARD ,0.42
837,21982,PACK OF 12 SUKI TISSUES ,0.29
838,21981,PACK OF 12 WOODLAND TISSUES ,0.29
839,21967,PACK OF 12 SKULL TISSUES,0.29
840,22615,PACK OF 12 CIRCUS PARADE TISSUES ,0.29
841,22614,PACK OF 12 SPACEBOY TISSUES,0.29
842,22095,LADS ONLY TISSUE BOX,1.25
843,22094,RED RETROSPOT TISSUE BOX,1.25
844,22966,GINGERBREAD MAN COOKIE CUTTER,1.25
845,21874,GIN AND TONIC MUG,1.25
846,21873,IF YOU CAN'T STAND THE HEAT MUG,1.25
847,21870,I CAN ONLY PLEASE ONE PERSON MUG,1.25
848,84050,PINK HEART SHAPE EGG FRYING PAN,1.25
849,22315,200 RED + WHITE BENDY STRAWS,1.25
850,22667,RECIPE BOX RETROSPOT ,2.95
851,22666,RECIPE BOX PANTRY YELLOW DESIGN,2.95
852,22665,RECIPE BOX BLUE SKETCHBOOK DESIGN,2.95
853,22567,20 DOLLY PEGS RETROSPOT,1.25
854,82600,NO SINGING METAL SIGN,2.1
855,22842,BISCUIT TIN VINTAGE RED,6.75
856,22494,EMERGENCY FIRST AID TIN ,1.25
859,22740,POLKADOT PEN,0.85
860,22825,DECORATIVE PLANT POT WITH FRIEZE,7.95
861,22680,FRENCH BLUE METAL DOOR SIGN 5,1.25
862,22797,CHEST OF DRAWERS GINGHAM HEART ,16.95
863,21843,RED RETROSPOT CAKE STAND,10.95
868,22118,JOY WOODEN BLOCK LETTERS,4.95
869,22121,NOEL WOODEN BLOCK LETTERS ,5.95
870,22119,PEACE WOODEN BLOCK LETTERS,6.95
871,22311,OFFICE MUG WARMER BLACK+SILVER ,2.95
874,72817,SET OF 2 CHRISTMAS DECOUPAGE CANDLE,1.25
875,22277,COSMETIC BAG VINTAGE ROSE PAISLEY,2.1
878,20867,PINK ROSE FABRIC MIRROR,1.25
879,21688,SILVER PLATE CANDLE BOWL SMALL,2.95
880,21694,SMALL REGAL  SILVER CANDLEPOT ,2.95
881,22800,ANTIQUE TALL SWIRLGLASS TRINKET POT,3.75
882,22801,ANTIQUE GLASS PEDESTAL BOWL,3.75
883,22781,GUMBALL MAGAZINE RACK,7.65
884,21466,RED FLOWER CROCHET FOOD COVER,3.75
887,21467,CHERRY CROCHET FOOD COVER,3.75
888,21471,STRAWBERRY RAFFIA FOOD COVER,3.75
889,21469,POLKA DOT RAFFIA FOOD COVER,3.75
890,21524,DOORMAT SPOTTY HOME SWEET HOME,7.95
891,22791,T-LIGHT GLASS FLUTED ANTIQUE,1.25
892,21690,SILVER  CANDLEPOT JARDIN ,3.75
893,37343,POLKADOT MUG PINK ,1.65
894,22088,PAPER BUNTING COLOURED LACE,2.95
895,21143,ANTIQUE GLASS HEART DECORATION ,1.95
896,84944,SET OF 6 KASHMIR FOLKART BAUBLES,4.25
897,22601,CHRISTMAS RETROSPOT ANGEL WOOD,0.85
898,22600,CHRISTMAS RETROSPOT STAR WOOD,0.85
899,22574,HEART WOODEN CHRISTMAS DECORATION,0.85
900,85199L,LARGE HANGING IVORY & RED WOOD BIRD,0.65
901,85199S,SMALL HANGING IVORY/RED WOOD BIRD,0.42
904,72741,GRAND CHOCOLATECANDLE,1.45
905,37495,FAIRY CAKE BIRTHDAY CANDLE SET,3.75
906,22171,3 HOOK PHOTO SHELF ANTIQUE WHITE,8.5
907,85067,CREAM SWEETHEART WALL CABINET,18.95
908,48184,DOORMAT ENGLISH ROSE ,7.95
909,48138,DOORMAT UNION FLAG,7.95
910,85019A,ROMANTIC IMAGES NOTEBOOK SET,4.25
911,85019C,CURIOUS  IMAGES NOTEBOOK SET,4.25
912,20902,VINTAGE KEEPSAKE BOX PARIS DAYS,6.35
913,21429,RED GINGHAM ROSE JEWELLERY BOX,1.65
916,85071A,BLUE CHARLIE+LOLA PERSONAL DOORSIGN,2.95
917,85071C,"CHARLIE+LOLA""EXTREMELY BUSY"" SIGN",2.55
918,22355,CHARLOTTE BAG SUKI DESIGN,0.85
919,21579,LOLITA  DESIGN  COTTON TOTE BAG,2.25
920,21576,LETS GO SHOPPING COTTON TOTE BAG,2.25
921,22493,PAINT YOUR OWN CANVAS SET,1.65
922,21833,CAMOUFLAGE LED TORCH,1.69
923,85135B,BLUE DRAGONFLY HELICOPTER,7.95
924,85136A,YELLOW SHARK HELICOPTER,7.95
925,85136C,RED SHARK HELICOPTER,7.95
926,21055,TOOL BOX SOFT TOY ,8.95
927,21056,DOCTOR'S BAG SOFT TOY,8.95
928,C2,CARRIAGE,50
932,21928,JUMBO BAG SCANDINAVIAN PAISLEY,1.95
933,20711,JUMBO BAG TOYS ,1.95
936,21773,DECORATIVE ROSE BATHROOM BOTTLE,2.51
938,21774,DECORATIVE CATS BATHROOM BOTTLE,2.51
939,21787,RAIN PONCHO RETROSPOT,1.66
940,21801,CHRISTMAS TREE DECORATION WITH BELL,0.43
941,21802,CHRISTMAS TREE HEART DECORATION,0.43
942,21803,CHRISTMAS TREE STAR DECORATION,0.43
943,21809,CHRISTMAS HANGING TREE WITH BELL,2.51
944,21821,GLITTER STAR GARLAND WITH BELLS ,7.62
945,21822,GLITTER CHRISTMAS TREE WITH BELLS,4.21
946,21851,LILAC DIAMANTE PEN IN GIFT BOX,4.21
947,21879,HEARTS GIFT TAPE,1.66
948,21884,CAKES AND BOWS GIFT  TAPE,1.66
949,21888,BINGO SET,7.62
950,21911,GARDEN METAL SIGN ,3.36
951,21922,UNION STRIPE WITH FRINGE  HAMMOCK,16.98
952,21935,SUKI  SHOULDER BAG,3.36
953,21942,SKULLS DESIGN FLANNEL,1.66
954,21944,KITTENS DESIGN FLANNEL,1.66
955,21949,SET OF 6 STRAWBERRY CHOPSTICKS,2.51
956,21990,MODERN FLORAL STATIONERY SET,2.51
957,21991,BOHEMIAN COLLAGE STATIONERY SET,2.51
958,21993,FLORAL FOLK STATIONERY SET,2.51
959,22037,ROBOT BIRTHDAY CARD,0.85
960,22043,CHRISTMAS CARD SCREEN PRINT ,0.43
961,22065,CHRISTMAS PUDDING TRINKET POT ,3.36
962,22067,CHOC TRUFFLE GOLD TRINKET POT ,3.36
963,22069,BROWN  PIRATE TREASURE CHEST ,3.36
964,22071,SMALL WHITE RETROSPOT MUG IN BOX ,7.62
965,22076,6 RIBBONS EMPIRE  ,3.36
966,22080,RIBBON REEL POLKADOTS ,3.36
967,22081,RIBBON REEL FLORA + FAUNA ,3.36
968,22090,PAPER BUNTING RETROSPOT,5.91
969,22134,LADLE LOVE HEART RED ,0.85
970,22135,LADLE LOVE HEART PINK,0.85
971,22154,ANGEL DECORATION 3 BUTTONS ,0.85
972,22155,STAR DECORATION RUSTIC,0.85
973,22156,HEART DECORATION WITH PEARLS ,1.66
974,22161,HEART DECORATION RUSTIC HANGING ,0.81
975,22162,HEART GARLAND RUSTIC PADDED,3.36
976,22169,FAMILY ALBUM WHITE PICTURE FRAME,16.98
977,22182,CAKE STAND VICTORIAN FILIGREE SMALL,4.21
978,22190,LOCAL CAFE MUG,2.51
979,22203,MILK PAN RED RETROSPOT,7.62
980,22207,FRYING PAN UNION FLAG,8.47
981,22265,EASTER DECORATION NATURAL CHICK,1.28
982,22276,WASH BAG VINTAGE ROSE PAISLEY,5.91
983,22299,PIG KEYRING WITH LIGHT & SOUND ,2.51
984,22300,COFFEE MUG DOG + BALL DESIGN,5.06
985,22301,COFFEE MUG CAT + BIRD DESIGN,5.06
986,22309,TEA COSY RED  STRIPE,5.06
987,22314,OFFICE MUG WARMER CHOC+BLUE,5.91
988,22335,HEART DECORATION PAINTED ZINC ,1.28
989,22336,DOVE DECORATION PAINTED ZINC ,1.28
990,22345,PARTY PIZZA DISH BLUE POLKADOT,1.66
991,22348,TEA BAG PLATE RED RETROSPOT,1.66
992,22356,CHARLOTTE BAG PINK POLKADOT,1.66
993,22359,GLASS JAR KINGS CHOICE,5.91
994,22361,GLASS JAR DAISY FRESH COTTON WOOL,5.91
995,22375,AIRLINE BAG VINTAGE JET SET BROWN,8.47
996,22378,WALL TIDY RETROSPOT ,4.21
997,22380,TOY TIDY SPACEBOY  ,4.21
998,22394,PAPERWEIGHT KINGS CHOICE ,5.06
999,22396,MAGNETS PACK OF 4 RETRO PHOTO,2.51
1000,22419,LIPSTICK PEN RED,0.85
1001,22422,TOOTHPASTE TUBE PEN,1.28
1002,22430,ENAMEL WATERING CAN CREAM,10.17
1003,22432,WATERING CAN PINK BUNNY,4.21
1004,22437,SET OF 9 BLACK SKULL BALLOONS,1.66
1005,22471,TV DINNER TRAY AIR HOSTESS ,11.02
1006,22476,EMPIRE UNION JACK TV DINNER TRAY,11.02
1007,22477,WATERING CAN GARDEN MARKER,2.51
1008,22478,BIRDHOUSE GARDEN MARKER ,2.51
1009,22479,DAISY GARDEN MARKER,2.51
1010,22497,SET OF 2 TINS VINTAGE BATHROOM ,8.47
1011,22515,CHILDS GARDEN SPADE PINK,4.21
1012,22517,CHILDS GARDEN RAKE PINK,4.21
1013,22519,CHILDS GARDEN BRUSH PINK,4.21
1014,22545,MINI JIGSAW BUNNIES,0.85
1015,22550,HOLIDAY FUN LUDO,7.62
1016,22560,TRADITIONAL MODELLING CLAY,2.51
1017,22589,CARDHOLDER GINGHAM STAR,5.06
1018,22605,WOODEN CROQUET GARDEN SET,25.49
1019,22639,SET OF 4 NAPKIN CHARMS HEARTS,5.06
1020,22669,RED BABY BUNTING ,5.91
1021,22675,FRENCH KITCHEN SIGN BLUE METAL,2.51
1022,22734,SET OF 6 RIBBONS VINTAGE CHRISTMAS,5.06
1023,22741,FUNKY DIVA PEN,1.66
1024,22755,SMALL PURPLE BABUSHKA NOTEBOOK ,1.66
1025,22757,LARGE RED BABUSHKA NOTEBOOK ,2.51
1026,22758,LARGE PURPLE BABUSHKA NOTEBOOK  ,2.51
1027,22769,CHALKBOARD KITCHEN ORGANISER,51.02
1028,22792,FLUTED ANTIQUE CANDLE HOLDER,1.66
1029,22816,CARD MOTORBIKE SANTA,0.85
1030,22818,CARD CHRISTMAS VILLAGE,0.85
1031,22822,CREAM WALL PLANTER HEART SHAPED,12.72
1032,22844,VINTAGE CREAM DOG FOOD CONTAINER,16.98
1033,22847,BREAD BIN DINER STYLE IVORY,34
1034,22862,LOVE HEART NAPKIN BOX ,8.47
1035,22876,NUMBER TILE COTTAGE GARDEN 8,4.21
1036,22928,YELLOW GIANT GARDEN THERMOMETER,11.87
1037,22948,METAL DECORATION NAUGHTY CHILDREN ,6.77
1038,22949,36 DOILIES DOLLY GIRL,2.98
1039,22976,CIRCUS PARADE CHILDRENS EGG CUP ,2.51
1040,35095A,BLUE VICTORIAN FABRIC OVAL BOX,0.84
1041,35095B,RED VICTORIAN FABRIC OVAL BOX,0.84
1042,35471D,SET OF 3 BIRD LIGHT PINK FEATHER ,2.51
1043,35598D,PINK/WHITE CHRISTMAS TREE 60CM,2.51
1044,35599D,PINK AND WHITE CHRISTMAS TREE 120CM,5.91
1045,35610A,PINK CHRISTMAS FLOCK DROPLET ,2.51
1046,35818P,"ACRYLIC JEWEL ICICLE, PINK",3.36
1047,35957,SMALLFOLKART BAUBLE CHRISTMAS DEC,1.66
1048,35961,FOLKART ZINC HEART CHRISTMAS DEC,1.66
1049,35971,ROSE FOLKART HEART DECORATIONS,2.51
1050,37449,CERAMIC CAKE STAND + HANGING CAKES,21.23
1051,37476,CONDIMENT TRAY 4 BOWLS AND 4 SPOONS,18.68
1052,47559B,TEA TIME OVEN GLOVE,2.51
1053,47591B,SCOTTIES CHILDRENS APRON,1.66
1054,47591D,PINK FAIRY CAKE CHILDRENS APRON,4.21
1055,47593B,SCOTTIE DOGS BABY BIB,0.85
1056,48188,DOORMAT WELCOME PUPPIES,14.43
1057,71459,HANGING JAM JAR T-LIGHT HOLDER,1.69
1058,72586,SET OF 6 HALLOWEEN GHOST T-LIGHTS,0.85
1059,72799E,IVORY PILLAR CANDLE SILVER FLOCK,3.36
1060,72799F,IVORY PILLAR CANDLE GOLD FLOCK,3.36
1061,72807A,SET/3 ROSE CANDLE IN JEWELLED BOX,8.47
1062,72807B,SET/3 OCEAN SCENT CANDLE JEWEL BOX,8.47
1063,72807C,SET/3 VANILLA SCENTED CANDLE IN BOX,8.47
1064,72816,SET/3 CHRISTMAS DECOUPAGE CANDLES,2.51
1065,79030D,"TUMBLER, BAROQUE",12.72
1066,79030G,"TUMBLER, NEW ENGLAND",12.72
1067,82551,LAUNDRY 15C METAL SIGN,2.51
1068,82583,HOT BATHS METAL SIGN,4.21
1069,82613B,"METAL SIGN,CUPCAKE SINGLE HOOK",2.51
1070,82613C,"METAL SIGN,CUPCAKE SINGLE HOOK",2.51
1071,82613D,METAL SIGN CUPCAKE SINGLE HOOK,2.51
1072,84031A,CHARLIE+LOLA RED HOT WATER BOTTLE ,4.21
1073,84031B,CHARLIE LOLA BLUE HOT WATER BOTTLE ,4.21
1074,84032A,CHARLIE+LOLA PINK HOT WATER BOTTLE,3.36
1075,84086C,PINK/PURPLE RETRO RADIO,4.21
1076,84279P,CHERRY BLOSSOM  DECORATIVE FLASK,8.47
1077,85015,SET OF 12  VINTAGE POSTCARD SET,2.51
1078,85016,SET OF 6 VINTAGE NOTELETS KIT,2.51
1079,85017A,ENVELOPE 50 ROMANTIC IMAGES,0.85
1080,85017B,ENVELOPE 50 BLOSSOM IMAGES,0.85
1081,85032D,YULETIDE IMAGES GIFT WRAP SET,1.66
1082,85039A,SET/4 RED MINI ROSE CANDLE IN BOWL,1.66
1083,85048,15CM CHRISTMAS GLASS BALL 20 LIGHTS,16.98
1084,85064,CREAM SWEETHEART LETTER RACK,11.02
1085,85127,SMALL SQUARE CUT GLASS CANDLESTICK,10.17
1086,85129D,BEADED CRYSTAL HEART PINK SMALL,2.51
1087,85131B,BEADED CRYSTAL HEART GREEN ON STICK,0.85
1088,85132A,CHARLIE + LOLA BISCUITS TINS,8.47
1089,85135C,RED DRAGONFLY HELICOPTER,8.47
1090,85176,SEWING SUSAN 21 NEEDLE SET,1.66
1091,85177,BASKET OF FLOWERS SEWING KIT,1.66
1092,85178,VICTORIAN SEWING KIT,2.51
1093,85186A,EASTER BUNNY GARLAND OF FLOWERS,0.85
1094,85232B,SET OF 3 BABUSHKA STACKING TINS,4.95
1095,90003C,MIDNIGHT BLUE PAIR HEART HAIR SLIDE,3.81
1096,90018A,SILVER M.O.P ORBIT DROP EARRINGS,4.24
1097,90022,EDWARDIAN DROP EARRINGS JET BLACK,3.81
1098,90071,RUBY GLASS CLUSTER EARRINGS,1.26
1099,90099,NECKLACE+BRACELET SET BLUE HIBISCUS,5.06
1100,90116,FRUIT SALAD BAG CHARM,2.51
1101,90120C,GREEN MURANO TWIST BRACELET,4.24
1102,90129A,PINK GLASS TASSLE BAG CHARM ,1.66
1103,90129B,TURQUOISE GLASS TASSLE BAG CHARM ,1.66
1104,90161A,ANT COPPER RED BOUDICCA BRACELET,5.09
1105,90190C,SILVER/AMETHYST DROP EARRINGS LEAF,2.96
1106,90194,SILVER LARIAT BLACK STONE EARRINGS,4.24
1107,90209B,GREEN ENAMEL+GLASS HAIR COMB,2.11
1108,90214D,"LETTER ""D"" BLING KEY RING",0.85
1109,90214G,"LETTER ""G"" BLING KEY RING",0.85
1110,90214H,"LETTER ""H"" BLING KEY RING",0.85
1111,90214J,"LETTER ""J"" BLING KEY RING",0.85
1112,90214R,"LETTER ""R"" BLING KEY RING",0.85
1113,DOT,DOTCOM POSTAGE,569.77
1114,84534B,FAIRY CAKE NOTEBOOK A5 SIZE,1.66
1115,84535B,FAIRY CAKES NOTEBOOK A6 SIZE,1.49
1116,84536A,ENGLISH ROSE NOTEBOOK A7 SIZE,0.85
1117,84536B,FAIRY CAKES NOTEBOOK A7 SIZE,0.85
1118,84580,MOUSE TOY WITH PINK T-SHIRT,4.21
1119,84581,DOG TOY WITH PINK CROCHET SKIRT,4.21
1120,84598,BOYS ALPHABET IRON ON PATCHES,0.43
1121,84912B,GREEN ROSE WASHBAG,3.36
1122,84913A,SOFT PINK ROSE TOWEL ,3.36
1123,84913B,MINT GREEN ROSE TOWEL,3.36
1124,84923,PINK BUTTERFLY HANDBAG W BOBBLES,4.21
1125,84946,ANTIQUE SILVER TEA GLASS ETCHED,2.51
1126,84988,SET OF 72 PINK HEART PAPER DOILIES,2.98
1127,20856,DENIM PATCH PURSE PINK BUTTERFLY,1.65
1128,20854,BLUE PATCH PURSE PINK HEART,1.65
1129,21218,RED SPOTTY BISCUIT TIN,3.75
1130,22845,VINTAGE CREAM CAT FOOD CONTAINER,6.35
1131,11001,ASSTD DESIGN RACING CAR PEN,3.36
1132,16236,KITTY PENCIL ERASERS,0.43
1133,17003,BROCADE RING PURSE ,0.43
1134,17011F,ORIGAMI SANDLEWOOD INCENSE+FLOWER,4.21
1135,17012A,ORIGAMI VANILLA INCENSE/CANDLE SET ,2.51
1136,17012B,ORIGAMI JASMINE INCENSE/CANDLE SET,2.51
1137,17012C,ORIGAMI LAVENDER INCENSE/CANDL SET ,2.51
1138,17012D,ORIGAMI ROSE INCENSE/CANDLE SET ,2.51
1139,17012E,ORIGAMI OPIUM INCENSE/CANDLE SET ,2.51
1140,17012F,ORIGAMI SANDLEWOOD INCENSE/CAND SET,2.51
1141,17129F,BLUE GLASS GEMS IN BAG,1.66
1142,18098C,PORCELAIN BUTTERFLY OIL BURNER,5.91
1143,20622,VIPPASSPORT COVER ,4.21
1144,20658,RED RETROSPOT LUGGAGE TAG,2.51
1145,20662,FIRST CLASS HOLIDAY PURSE ,2.51
1146,20676,RED RETROSPOT BOWL,2.51
1147,20684,STRAWBERRY DREAM CHILDS UMBRELLA,6.77
1148,20719,WOODLAND CHARLOTTE BAG,1.66
1149,20724,RED RETROSPOT CHARLOTTE BAG,1.66
1150,20733,GOLD MINI TAPE MEASURE ,0.85
1151,20735,BLACK MINI TAPE MEASURE ,0.85
1152,20770,ABSTRACT CIRCLE JOURNAL ,2.51
1153,20835,FRENCH LATTICE CUSHION COVER ,11.02
1154,20839,FRENCH PAISLEY CUSHION COVER ,9.32
1155,20840,FRENCH FLORAL CUSHION COVER ,9.32
1156,20956,PORCELAIN T-LIGHT HOLDERS ASSORTED,2.51
1157,20969,RED FLORAL FELTCRAFT SHOULDER BAG,7.62
1158,20971,PINK BLUE FELT CRAFT TRINKET BOX,2.51
1159,20975,12 PENCILS SMALL TUBE RED RETROSPOT,1.28
1160,20981,12 PENCILS TALL TUBE WOODLAND,1.66
1161,20996,JAZZ HEARTS ADDRESS BOOK,0.84
1162,21000,ROSE DU SUD COSMETICS BAG,3.36
1163,21012,ANTIQUE ALL GLASS CANDLESTICK,2.51
1164,21069,VINTAGE BILLBOARD TEA MUG,2.51
1165,21070,VINTAGE BILLBOARD MUG ,2.51
1166,21147,JINGLE BELLS TREE DECORATION,2.51
1167,21158,MOODY GIRL DOOR HANGER ,3.36
1168,21165,BEWARE OF THE CAT METAL SIGN ,4.21
1169,21174,POTTERING IN THE SHED METAL SIGN,4.21
1170,21189,WHITE HONEYCOMB PAPER GARLAND ,3.36
1171,21191,LARGE WHITE HONEYCOMB PAPER BELL  ,4.21
1172,21195,PINK  HONEYCOMB PAPER BALL ,4.21
1173,21207,SKULL AND CROSSBONES  GARLAND ,3.36
1174,21216,"SET 3 RETROSPOT TEA,COFFEE,SUGAR",11.02
1175,21217,RED RETROSPOT ROUND CAKE TINS,21.23
1176,21231,SWEETHEART CERAMIC TRINKET BOX,2.51
1177,21238,RED RETROSPOT CUP,1.66
1178,21249,WOODLAND  HEIGHT CHART STICKERS ,5.91
1179,21262,WHITE GOOSE FEATHER CHRISTMAS TREE ,7.62
1180,21313,GLASS HEART T-LIGHT HOLDER ,1.66
1181,21349,IVY HEART WREATH,13.57
1182,21352,EUCALYPTUS & PINECONE  WREATH,5.91
1183,21354,TOAST ITS - BEST MUM,2.51
1184,21365,MIRRORED WALL ART STARS,5.91
1185,21366,MIRRORED WALL ART PHOTO FRAMES,8.47
1186,21369,MIRRORED WALL ART SPLODGES,7.62
1187,21372,MIRRORED WALL ART TABLE LAMP,5.91
1188,21385,IVORY HANGING DECORATION  HEART,1.66
1189,21407,BROWN CHECK CAT DOORSTOP ,8.47
1190,21408,SPOTTY PINK DUCK DOORSTOP,8.47
1191,21507,"ELEPHANT, BIRTHDAY CARD, ",0.85
1192,21563,RED HEART SHAPE LOVE BUCKET ,5.91
1193,21564,PINK  HEART SHAPE LOVE BUCKET ,5.91
1194,21634,ASSORTED MINI MADRAS NOTEBOOK,2.51
1195,21641,ASSORTED TUTTI FRUTTI KEYRING BALL,1.66
1196,21679,SKULLS  STICKERS,1.66
1197,21703,BAG 125g SWIRLY MARBLES,0.85
1198,21704,BAG 250g SWIRLY MARBLES,1.66
1199,21721,CANDY SHOP  STICKER SHEET,1.66
1200,21722,SWEET PUDDING STICKER SHEET,1.66
1201,21758,VINTAGE SHELLS PRINT,12.72
1202,21134,,0
1204,22145,,0
1206,37509,,0
1210,22892,SET OF SALT AND PEPPER TOADSTOOLS,1.25
1211,22245,"HOOK, 1 HANGER ,MAGIC GARDEN",0.85
1212,20957,PORCELAIN HANGING BELL SMALL,1.45
1213,85226A,,0
1215,85044,,0
1219,79144B,PAINTED LIGHTBULB STAR+ MOON,0.42
1220,22482,BLUE TEA TOWEL CLASSIC DESIGN,1.25
1221,21917,SET 12 KIDS  WHITE CHALK STICKS,0.42
1222,20950,,0
1224,37461,,0
1226,84670,,0
1228,20697,LITTLE GREEN MONSTER SOFT TOY,2.55
1230,22599,CHRISTMAS MUSICAL ZINC STAR,0.85
1233,22597,CHRISTMAS MUSICAL ZINC HEART ,0.85
1234,21495,SKULLS AND CROSSBONES WRAP,0.42
1236,46000R,POLYESTER FILLER PAD 45x30cm,1.45
1237,46000S,POLYESTER FILLER PAD 40x40cm,1.45
1238,84920,PINK FLOWER FABRIC PONY,3.75
1239,22953,BIRTHDAY PARTY CORDON BARRIER TAPE,1.25
1240,84508A,CAMOUFLAGE DESIGN TEDDY,2.55
1241,21670,BLUE SPOT CERAMIC DRAWER KNOB,1.25
1242,22786,CUSHION COVER PINK UNION JACK,5.95
1243,22212,FOUR HOOK  WHITE LOVEBIRDS,2.1
1244,22678,FRENCH BLUE METAL DOOR SIGN 3,1.25
1245,22686,FRENCH BLUE METAL DOOR SIGN No,1.25
1246,84685,BEACH HUT KEY CABINET,3.75
1247,20616,CHERRY BLOSSOM PASSPORT COVER,2.1
1248,22753,SMALL YELLOW BABUSHKA NOTEBOOK ,0.85
1249,79066K,RETRO MOD TRAY,0.85
1250,22794,SWEETHEART WIRE MAGAZINE RACK,7.95
1251,22592,CARDHOLDER HOLLY WREATH METAL,3.75
1252,84352,SILVER CHRISTMAS TREE BAUBLE STAND ,16.95
1253,22795,SWEETHEART RECIPE BOOK STAND,6.75
1254,22278,OVERNIGHT BAG VINTAGE ROSE PAISLEY,4.95
1255,22802,FAUX FUR CHOCOLATE THROW,19.95
1257,84884A,ANT WHITE WIRE HEART SPIRAL,3.95
1260,51014C,"FEATHER PEN,COAL BLACK",0.85
1261,51014L,"FEATHER PEN,LIGHT PINK",0.85
1262,51014A,"FEATHER PEN,HOT PINK",0.85
1263,22366,DOORMAT AIRMAIL ,6.75
1266,48111,DOORMAT 3 SMILEY CATS,6.75
1267,22846,BREAD BIN DINER STYLE RED ,14.95
1268,22402,MAGNETS PACK OF 4 VINTAGE COLLAGE,1.25
1269,22400,MAGNETS PACK OF 4 HOME SWEET HOME,1.25
1270,22399,MAGNETS PACK OF 4 CHILDHOOD MEMORY,1.25
1275,79302M,"ART LIGHTS,FUNK MONKEY",2.95
1276,37446,MINI CAKE STAND WITH HANGING CAKES,1.45
1277,84509B,SET OF 4 FAIRY CAKE PLACEMATS,3.75
1278,22313,OFFICE MUG WARMER PINK,2.95
1279,21181,PLEASE ONE PERSON METAL SIGN,2.1
1282,21818,GLITTER CHRISTMAS HEART ,0.85
1285,21668,RED STRIPE CERAMIC DRAWER KNOB,1.25
1293,21462,"NURSERY A,B,C PAINTED LETTERS",6.75
1294,22496,SET OF 2 ROUND TINS DUTCH CHEESE,2.95
1295,84870C,GREEN GEISHA GIRL ,3.75
1296,84870B,BLUE GEISHA GIRL ,3.75
1297,22765,NEWSPAPER STAND,14.95
1298,21351,CINAMMON & ORANGE WREATH,6.75
1299,22581,WOOD STOCKING CHRISTMAS SCANDISPOT,0.85
1300,22579,WOODEN TREE CHRISTMAS SCANDINAVIAN,0.85
1301,22572,ROCKING HORSE GREEN CHRISTMAS ,0.85
1302,22640,SET OF 4 NAPKIN CHARMS 3 KEYS ,2.55
1303,22641,SET OF 4 NAPKIN CHARMS INSTRUMENT,2.55
1304,22638,SET OF 4 NAPKIN CHARMS CROWNS ,2.55
1305,22576,SWALLOW WOODEN CHRISTMAS DECORATION,0.85
1306,21817,GLITTER CHRISTMAS TREE,0.85
1307,21813,GARLAND WITH STARS AND BELLS,4.95
1308,21808,"CHRISTMAS GARLAND STARS,TREES",3.75
1309,21014,SWISS CHALET TREE DECORATION ,0.85
1310,21018,BIRD BOX CHRISTMAS TREE DECORATION,0.85
1311,22946,WOODEN ADVENT CALENDAR CREAM,16.95
1312,M,Manual,1.25
1313,22660,DOORMAT I LOVE LONDON,7.95
1314,21761,WOOD AND GLASS MEDICINE CABINET,29.95
1317,21781,MA CAMPAGNE CUTLERY BOX,14.95
1320,22696,WICKER WREATH LARGE,1.95
1321,84360,TABLE LAMP WHITE SHADE WOOD BASE,5.95
1322,35954,SMALL FOLKART STAR CHRISTMAS DEC,0.42
1323,84760S,SMALL HANGING GLASS+ZINC LANTERN,1.45
1324,85045,GREEN CHRISTMAS TREE STRING 20LIGHT,4.95
1325,35598B,BLACK CHRISTMAS TREE 60CM,0.65
1328,22578,WOODEN STAR CHRISTMAS SCANDINAVIAN,0.85
1329,22855,FINE WICKER HEART ,1.25
1333,21864,UNION JACK FLAG PASSPORT COVER ,1.69
1336,15056P,EDWARDIAN PARASOL PINK,4.6
1338,85174,S/4 CACTI CANDLES,4.25
1339,82615,PINK MARSHMALLOW SCARF KNITTING KIT,2.55
1340,85038,6 CHOCOLATE LOVE HEART T-LIGHTS,1.69
1346,22965,3 TRADITIONAL COOKIE CUTTERS  SET,2.1
1350,21374,MIRRORED WALL ART SKULLS,3.75
1351,21509,COWBOYS AND INDIANS BIRTHDAY CARD ,0.42
1352,22025,RING OF ROSES BIRTHDAY CARD,0.42
1359,22725,ALARM CLOCK BAKELIKE CHOCOLATE,3.75
1360,37448,CERAMIC CAKE DESIGN SPOTTED MUG,1.49
1363,22421,LIPSTICK PEN FUSCHIA,0.42
1366,84997A,GREEN 3 PIECE POLKADOT CUTLERY SET,3.75
1370,21136,PAINTED METAL PEARS ASSORTED,1.69
1371,71477,COLOUR GLASS. STAR T-LIGHT HOLDER,3.25
1372,22030,SWALLOWS GREETING CARD,0.42
1375,90214M,"LETTER ""M"" BLING KEY RING",1.25
1376,90214V,"LETTER ""V"" BLING KEY RING",1.25
1377,90214S,"LETTER ""S"" BLING KEY RING",1.25
1378,21789,KIDS RAIN MAC PINK,0.85
1379,21629,SQUARE FLOOR CUSHION VINTAGE RED,7.95
1380,21850,BLUE  DIAMANTE PEN IN GIFT BOX,4.95
1381,20978,36 PENCILS TUBE SKULLS,1.25
1382,20768,GREEN FERN JOURNAL ,2.55
1383,20780,BLACK EAR MUFF HEADPHONES,5.49
1384,21398,RED POLKADOT COFFEE  MUG,2.1
1385,21643,ASSORTED TUTTI FRUTTI MIRROR,1.25
1386,21620,SET OF 4 ROSE BOTANICAL CANDLES,3.75
1387,22260,FELT EGG COSY BLUE RABBIT ,0.85
1388,22136,LOVE HEART SOCK HANGER,1.65
1389,10135,COLOURING PENCILS BROWN TUBE,2.51
1391,16168M,FUNKY MONKEY GIFT BAG MEDIUM,0.85
1392,17014A,ORIGAMI VANILLA INCENSE CONES,3.36
1393,17084N,FAIRY DREAMS INCENSE ,0.43
1394,17084P,DRAGONS BLOOD INCENSE,0.43
1395,20617,FIRST CLASS PASSPORT COVER ,4.21
1396,20619,TROPICAL PASSPORT COVER ,4.21
1397,20653,CHERRY BLOSSOM LUGGAGE TAG,2.51
1398,20681,PINK POLKADOT CHILDRENS UMBRELLA,6.77
1399,20682,RED RETROSPOT CHILDRENS UMBRELLA,6.77
1400,20696,FLORAL SOFT CAR TOY,7.62
1401,20699,MOUSEY LONG LEGS SOFT TOY,5.06
1402,20700,GREEN CAT FLORAL CUSHION COVER ,10.17
1403,20718,RED RETROSPOT SHOPPER BAG,2.51
1404,20752,BLUE POLKADOT WASHING UP GLOVES,4.21
1405,20761,BLUE PAISLEY SKETCHBOOK,7.62
1406,20846,ZINC HEART LATTICE T-LIGHT HOLDER,2.51
1407,20931,BLUE POT PLANT CANDLE ,7.62
1408,21002,ROSE DU SUD DRAWSTRING BAG,3.36
1409,21015,DARK BIRD HOUSE TREE DECORATION,1.28
1410,21067,VINTAGE RED TEATIME MUG,2.51
1411,21109,"LARGE CAKE TOWEL, CHOCOLATE SPOTS",13.57
1412,21110,LARGE CAKE TOWEL PINK SPOTS,13.57
1413,21128,GOLD FISHING GNOME,12.72
1414,21164,HOME SWEET HOME METAL SIGN ,5.91
1415,21188,3D HEARTS  HONEYCOMB PAPER GARLAND,5.91
1416,21208,PASTEL COLOUR HONEYCOMB FAN,3.36
1417,21220,SET/4 BADGES DOGS,2.51
1418,21272,SALLE DE BAIN HOOK,2.51
1419,21279,VINTAGE KITCHEN PRINT FRUITS,5.06
1420,21281,VINTAGE KITCHEN PRINT SEAFOOD,5.06
1421,21288,STRIPEY CHOCOLATE NESTING BOXES,5.91
1422,21356,TOAST ITS - FAIRY FLOWER,2.51
1423,21439,BASKET OF TOADSTOOLS,2.51
1424,21447,12 IVORY ROSE PEG PLACE SETTINGS,2.51
1425,21537,RED RETROSPOT PUDDING BOWL,8.47
1426,21547,CERAMIC BIRDHOUSE CRESTED TIT SMALL,5.91
1427,21594,Dr. Jam's Arouzer Stress Ball,4.21
1428,21638,ASSORTED TUTTI FRUTTI NOTEBOOK,4.21
1429,21648,ASSORTED TUTTI FRUTTI SMALL PURSE,2.51
1430,21656,RIDGED GLASS POSY VASE ,3.36
1431,21671,RED SPOT CERAMIC DRAWER KNOB,2.51
1432,21684,SMALL MEDINA STAMPED METAL BOWL ,2.51
1433,21698,MOCK LOBSTER FRIDGE MAGNET,1.66
1434,21700,BIG DOUGHNUT FRIDGE MAGNETS,8.47
1435,21745,GAOLERS KEYS DECORATIVE GARDEN ,8.47
1436,21775,DECORATIVE FLORE BATHROOM BOTTLE,2.51
1437,21820,GLITTER HEART GARLAND WITH BELLS ,7.62
1438,21830,ASSORTED CREEPY CRAWLIES,0.85
1439,21846,PINK DIAMANTE PEN IN GIFT BOX,4.21
1440,21868,POTTING SHED TEA MUG,3.36
1441,21875,KINGS CHOICE MUG,3.36
1442,21896,POTTING SHED TWINE,4.21
1443,21899,"KEY FOB , GARAGE DESIGN",1.66
1444,21906,PHARMACIE FIRST AID TIN,13.57
1445,21908,CHOCOLATE THIS WAY METAL SIGN,4.21
1446,21974,SET OF 36 PAISLEY FLOWER DOILIES,2.98
1447,22078,RIBBON REEL LACE DESIGN ,4.21
1448,22084,PAPER CHAIN KIT EMPIRE,5.91
1449,22091,EMPIRE TISSUE BOX,2.51
1450,22124,SET OF 2 TEA TOWELS PING MICROWAVE,2.51
1451,22165,"DIAMANTE HEART SHAPED WALL MIRROR, ",11.02
1452,22184,CAKE STAND VICTORIAN FILIGREE LARGE,8.47
1453,22208,WOOD STAMP SET THANK YOU,3.36
1454,22246,MAGIC GARDEN FELT GARLAND ,4.21
1455,22283,6 EGG HOUSE PAINTED WOOD,16.13
1456,22304,COFFEE MUG BLUE PAISLEY DESIGN,5.06
1457,22308,TEA COSY BLUE STRIPE,5.06
1458,22317,FIVE CATS HANGING DECORATION,5.91
1459,22324,BLUE POLKADOT KIDS BAG,4.21
1460,22325,MOBILE VINTAGE HEARTS ,11.87
1461,22331,WOODLAND PARTY BAG + STICKER SET,3.36
1462,22342,HOME GARLAND PAINTED ZINC ,3.36
1463,22350,ILLUSTRATED CAT BOWL ,5.06
1464,22393,PAPERWEIGHT VINTAGE COLLAGE,5.06
1465,22405,MONEY BOX POCKET MONEY DESIGN,2.51
1466,22409,MONEY BOX BISCUITS DESIGN,2.51
1467,22420,LIPSTICK PEN BABY PINK,0.85
1468,22425,ENAMEL COLANDER CREAM,10.17
1469,22458,CAST IRON HOOK GARDEN FORK,5.06
1470,22459,CAST IRON HOOK GARDEN TROWEL,5.06
1471,22499,WOODEN UNION JACK BUNTING,12.72
1472,22503,CABIN BAG VINTAGE PAISLEY,59.53
1473,22536,MAGIC DRAWING SLATE PURDEY,0.85
1474,22586,FELTCRAFT HAIRBAND PINK AND BLUE,1.66
1475,22602,CHRISTMAS RETROSPOT HEART WOOD,1.66
1476,22649,STRAWBERRY FAIRY CAKE TEAPOT,11.02
1477,22668,PINK BABY BUNTING,5.91
1478,22673,FRENCH GARDEN SIGN BLUE METAL,2.51
1479,22692,DOORMAT WELCOME TO OUR HOME,7.95
1480,22746,POPPY'S PLAYHOUSE LIVINGROOM ,4.21
1481,22747,POPPY'S PLAYHOUSE BATHROOM,4.21
1482,22756,LARGE YELLOW BABUSHKA NOTEBOOK ,2.51
1483,22788,BROCANTE COAT RACK,20.38
1484,22831,WHITE BROCANTE SOAP DISH,5.91
1485,22841,ROUND CAKE TIN VINTAGE GREEN,16.13
1486,22863,SOAP DISH BROCANTE,5.91
1487,22870,NUMBER TILE COTTAGE GARDEN 2,4.21
1488,22890,NOVELTY BISCUITS CAKE STAND 3 TIER,20.38
1489,22897,OVEN MITT APPLES DESIGN,2.98
1490,22898,CHILDRENS APRON APPLES DESIGN,4.21
1491,22944,CHRISTMAS METAL POSTCARD WITH BELLS,16.13
1492,22977,DOLLY GIRL CHILDRENS EGG CUP,2.51
1493,35637A,IVORY STRING CURTAIN WITH POLE ,19.53
1494,35916B,BLUE FELT HANGING HEART W FLOWER,1.66
1495,35916C,PINK FELT HANGING HEART W FLOWER,1.66
1496,35964,FOLKART CLIP ON STARS,1.66
1497,35965,FOLKART HEART NAPKIN RINGS,3.36
1498,35967,FOLK ART METAL STAR T-LIGHT HOLDER,1.66
1499,37450,CERAMIC CAKE BOWL + HANGING CAKES,5.91
1500,37491A,YELLOW/PINK CERAMIC CANDLE HOLDER,3.36
1501,46775D,SUNSET COLOUR CHUNKY KNITTED THROW,11.02
1502,46776B,WOVEN BERRIES CUSHION COVER ,4.21
1503,47566B,TEA TIME PARTY BUNTING,8.47
1504,47567B,TEA TIME KITCHEN APRON,12.72
1505,47590A,BLUE HAPPY BIRTHDAY BUNTING,11.02
1506,47590B,PINK HAPPY BIRTHDAY BUNTING,11.02
1507,47594A,CAROUSEL DESIGN WASHBAG,4.21
1508,70006,LOVE HEART POCKET WARMER,3.36
1509,71496A,A4 WALL TIDY BLUE OFFICE,1.49
1510,72134,COLUMBIAN  CUBE CANDLE ,1.66
1511,79067,CORONA MEXICAN TRAY,8.47
1512,82582,AREA PATROLLED METAL SIGN,4.21
1513,82599,FANNY'S REST STOPMETAL SIGN,4.21
1514,82616C,MIDNIGHT GLAMOUR SCARF KNITTING KIT,2.51
1515,84459B,YELLOW METAL CHICKEN HEART ,3.36
1516,84520B,PACK 20 ENGLISH ROSE PAPER NAPKINS,1.66
1517,84559A,3D SHEET OF DOG STICKERS,1.69
1518,84559B,3D SHEET OF CAT STICKERS,1.69
1519,84596J,MIXED NUTS LIGHT GREEN BOWL,2.51
1520,84609,TALL ROCOCO CANDLE HOLDER,16.98
1521,84659A,WHITE TRAVEL ALARM CLOCK,2.51
1522,84663A,GRASS HOPPER WOODEN WALL CLOCK ,5.91
1523,84828,JUNGLE POPSICLES ICE LOLLY HOLDERS,2.51
1524,84856L,LARGE TAHITI BEACH BAG,11.87
1525,84915,HAND TOWEL PINK FLOWER AND DAISY,4.21
1526,84950,ASSORTED COLOUR T-LIGHT HOLDER,0.99
1527,84976,RECTANGULAR SHAPED MIRROR,3.36
1528,85008,SET OF 3 CONEY ISLAND OVAL BOXES,10.17
1529,85040B,SET/4 BLUE FLOWER CANDLES IN BOWL,3.36
1530,85053,FRENCH ENAMEL CANDLEHOLDER,4.21
1531,85114A,BLACK ENCHANTED FOREST PLACEMAT,3.36
1532,85131D,BEADED CRYSTAL HEART PINK ON STICK,0.85
1533,85170D,SET/6 PINK BIRD T-LIGHT CANDLES,4.21
1534,85212,MINI PAINTED GARDEN DECORATION ,1.66
1535,85227,SET OF 6 3D KIT CARDS FOR KIDS,1.66
1536,85232D,SET/3 DECOUPAGE STACKING TINS,10.17
1537,90013B,BLACK VINTAGE EARRINGS,4.24
1538,90018B,GOLD M.O.P ORBIT DROP EARRINGS,4.24
1539,90019B,GOLD M.O.P ORBIT BRACELET,5.51
1540,90024C,NEW BAROQUE B'FLY NECKLACE GREEN,8.49
1541,90036F,"FLOWER GLASS GARLD NECKL36""TURQUOIS",8.07
1542,90040B,MURANO STYLE GLASS BRACELET BLACK,3.81
1543,90051,CRACKED GLAZE NECKLACE RED,7.22
1544,90054,CRACKED GLAZE EARRINGS RED,2.54
1545,90077,BLACK DIAMOND CLUSTER EARRINGS,2.96
1546,90124B,BLUE MURANO TWIST NECKLACE,10.17
1547,90134,OLD ROSE COMBO BEAD NECKLACE,2.96
1548,90138,WHITE/PINK MINI CRYSTALS NECKLACE,5.51
1549,90161B,ANT COPPER TURQ BOUDICCA BRACELET,5.09
1550,90166,PINK & WHITE ROSEBUD RING,4.24
1551,90173,PAIR BUTTERFLY HAIR CLIPS,3.81
1552,90177C,DROP DIAMANTE EARRINGS CRYSTAL,2.96
1553,90177E,DROP DIAMANTE EARRINGS GREEN,2.96
1554,90181B,AMETHYST GLASS/SHELL/PEARL NECKLACE,9.34
1555,90192,JADE DROP EARRINGS W FILIGREE,5.09
1556,90206C,CRYSTAL DIAMANTE STAR BROOCH,5.09
1557,90209C,PINK ENAMEL+GLASS HAIR COMB,2.11
1558,90211A,DIAMOND LAS VEGAS NECKLACE 45CM,5.94
1559,90214A,"LETTER ""A"" BLING KEY RING",0.85
1560,90214E,"LETTER ""E"" BLING KEY RING",0.85
1561,20970,PINK FLORAL FELTCRAFT SHOULDER BAG,3.75
1562,84658,WHITE STITCHED CUSHION COVER,6.95
1563,22448,PIN CUSHION BABUSHKA RED,3.35
1564,22447,PIN CUSHION BABUSHKA BLUE,3.35
1565,22446,PIN CUSHION BABUSHKA PINK,3.35
1566,20665,RED RETROSPOT PURSE ,2.95
1569,21472,LADYBIRD + BEE RAFFIA FOOD COVER,3.75
1572,21877,HOME SWEET HOME MUG,1.25
1575,22524,CHILDRENS GARDEN GLOVES BLUE,1.25
1576,20765,CHRYSANTHEMUM SKETCHBOOK ,3.75
1577,21624,VINTAGE UNION JACK DOORSTOP,5.95
1579,84926A,WAKE UP COCKEREL TILE COASTER,1.25
1582,85035C,ROSE 3 WICK MORRIS BOX CANDLE,4.25
1583,72803A,ROSE SCENT CANDLE JEWELLED DRAWER,4.25
1584,40001,WHITE BAMBOO RIBS LAMPSHADE,0.85
1585,21709,FOLDING UMBRELLA CHOCOLATE POLKADOT,4.95
1586,22220,CAKE STAND LOVEBIRD 2 TIER WHITE,9.95
1587,85034A,3 GARDENIA MORRIS BOXED CANDLES,4.25
1588,72798C,SET/4 GARDEN ROSE DINNER CANDLE,1.65
1589,35271S,GOLD PRINT PAPER BAG,0.19
1590,21380,WOODEN HAPPY BIRTHDAY GARLAND,2.95
1591,21221,SET/4 BADGES CUTE CREATURES,1.25
1592,20755,BLUE PAISLEY POCKET BOOK,0.85
1593,21421,PORCELAIN ROSE LARGE ,1.25
1596,21422,PORCELAIN ROSE SMALL,0.85
1597,22617,BAKING SET SPACEBOY DESIGN,4.25
1606,21364,PEACE SMALL WOOD LETTERS,6.75
1609,21042,RED RETROSPOT APRON ,5.95
1610,22272,FELTCRAFT DOLL MARIA,2.95
1611,21172,PARTY METAL SIGN ,1.45
1614,72760B,VINTAGE CREAM 3 BASKET CAKE STAND,9.95
1617,22365,DOORMAT RESPECTABLE HOUSE,7.95
1618,22507,MEMO BOARD RETROSPOT  DESIGN,4.95
1625,62096A,PINK/YELLOW FLOWERS HANDBAG,1.25
1626,85071D,CHARLIE+LOLA MY ROOM DOOR SIGN,2.55
1630,22044,CHRISTMAS CARD STACK OF PRESENTS,0.42
1631,21918,SET 12 KIDS COLOUR  CHALK STICKS,0.42
1632,22029,SPACEBOY BIRTHDAY CARD,0.42
1633,21360,JOY LARGE WOOD LETTERS,9.95
1637,84077,WORLD WAR 2 GLIDERS ASSTD DESIGNS,0.29
1638,84792,ENCHANTED BIRD COATHANGER 5 HOOK,4.65
1643,85175,CACTI T-LIGHT CANDLES,0.42
1644,20893,HANGING BAUBLE T-LIGHT HOLDER SMALL,2.1
1647,22440,BALLOON WATER BOMB PACK OF 35,0.42
1648,22434,BALLOON PUMP WITH 10 BALLOONS,1.95
1649,22564,ALPHABET STENCIL CRAFT,1.25
1653,21215,IVORY PAPER CUP CAKE CASES ,0.42
1654,21058,PARTY INVITES WOODLAND,0.85
1655,21060,PARTY INVITES BALLOON GIRL,0.85
1656,21719,LOVELY BONBON STICKER SHEET,0.85
1657,84826,ASSTD DESIGN 3D PAPER STICKERS,0.85
1658,21881,CUTE CATS TAPE,0.65
1661,22491,PACK OF 12 COLOURED PENCILS,0.85
1664,21355,TOAST ITS - I LOVE YOU ,1.25
1667,21518,BANK ACCOUNT  GREETING  CARD ,0.42
1668,22023,EMPIRE BIRTHDAY CARD,0.42
1669,22027,TEA PARTY BIRTHDAY CARD,0.42
1670,22718,CARD CAT AND TREE ,0.42
1671,22717,CARD DOG AND BALL ,0.42
1672,22028,PENNY FARTHING BIRTHDAY CARD,0.42
1673,21669,BLUE STRIPE CERAMIC DRAWER KNOB,1.25
1674,21673,WHITE SPOT BLUE CERAMIC DRAWER KNOB,1.25
1675,22460,EMBOSSED GLASS TEALIGHT HOLDER,1.25
1676,22433,WATERING CAN GREEN DINOSAUR,1.95
1677,22431,WATERING CAN BLUE ELEPHANT,1.95
1678,84674,FLYING PIG WATERING CAN,2.95
1679,22676,FRENCH BLUE METAL DOOR SIGN 1,1.25
1682,22672,FRENCH BATHROOM SIGN BLUE METAL,1.65
1688,22777,GLASS BELL JAR LARGE,8.5
1695,22924,FRIDGE MAGNETS LA VIE EN ROSE,0.85
1698,22832,BROCANTE SHELF WITH HOOKS,10.75
1701,20674,GREEN POLKADOT BOWL,1.25
1702,22170,PICTURE FRAME WOOD TRIPLE PORTRAIT,6.75
1705,21428,SET3 BOOK BOX GREEN GINGHAM FLOWER ,4.25
1706,22840,ROUND CAKE TIN VINTAGE RED,7.95
1710,79191C,RETRO PLASTIC ELEPHANT TRAY,0.85
1711,47471,RAINBOW PEGS PHOTO CLIP STRING,0.65
1712,16046,TEATIME PEN CASE & PENS,0.85
1713,22796,PHOTO FRAME 3 CLASSIC HANGING,9.95
1714,22733,3D TRADITIONAL CHRISTMAS STICKERS,1.25
1715,22559,SEASIDE FLYING DISC,1.25
1716,22896,PEG BAG APPLES DESIGN,2.55
1717,20967,GREY FLORAL FELTCRAFT SHOULDER BAG,3.75
1720,21430,SET/3 RED GINGHAM ROSE STORAGE BOX,3.75
1721,22070,SMALL RED RETROSPOT MUG IN BOX ,3.75
1722,20983,12 PENCILS TALL TUBE RED RETROSPOT,0.85
1723,21527,RED RETROSPOT TRADITIONAL TEAPOT ,7.95
1724,21538,DAIRY MAID  PUDDING BOWL,3.75
1725,85216,ASSORTED CAKES FRIDGE MAGNETS,0.65
1726,22131,FOOD CONTAINER SET 3 LOVE HEART ,1.95
1727,21163,DO NOT TOUCH MY STUFF DOOR HANGER ,1.45
1728,21161,KEEP OUT BOYS DOOR HANGER ,1.45
1729,21159,MOODY BOY  DOOR HANGER ,1.45
1730,21390,FILIGRIS HEART WITH BUTTERFLY,1.25
1731,22285,"DECORATION HEN ON NEST, HANGING",1.65
1732,22284,HEN HOUSE DECORATION,1.65
1733,21383,PACK OF 12 STICKY BUNNIES,0.65
1734,21381,MINI WOODEN HAPPY BIRTHDAY GARLAND,1.69
1735,22210,WOOD STAMP SET BEST WISHES,1.65
1736,22209,WOOD STAMP SET HAPPY BIRTHDAY,1.65
1739,21872,GLAMOROUS  MUG,1.25
1741,85035A,GARDENIA 3 WICK MORRIS BOXED CANDLE,4.25
1742,22761,CHEST 7 DRAWER MA CAMPAGNE,24.95
1747,22385,JUMBO BAG SPACEBOY DESIGN,1.95
1748,22374,AIRLINE BAG VINTAGE JET SET RED,4.25
1753,21741,COSY SLIPPER SHOES LARGE GREEN,2.95
1755,85061W,WHITE JEWELLED HEART DECORATION,0.85
1762,40016,CHINESE DRAGON PAPER LANTERNS,0.42
1765,22202,MILK PAN PINK POLKADOT,3.75
1766,21064,BOOM BOX SPEAKER BOYS,5.95
1767,84341B,SMALL PINK MAGIC CHRISTMAS TREE,0.85
1768,84509G,SET OF 4 FAIRY CAKE PLACEMATS ,3.75
1769,16235,RECYCLED PENCIL WITH RABBIT ERASER,0.21
1770,20986,BLUE CALCULATOR RULER,1.25
1771,20832,RED FLOCK LOVE HEART PHOTO FRAME,0.85
1772,84846A,SCENTED CANDLE IN DIGITALIS TIN,2.1
1775,22442,GROW YOUR OWN FLOWERS SET OF 3,7.95
1776,21769,VINTAGE POST OFFICE CABINET,79.95
1785,20798,CLEAR MILKSHAKE GLASS,2.1
1786,22320,BIRDS MOBILE VINTAGE DESIGN,5.95
1787,21561,DINOSAUR LUNCH BOX WITH CUTLERY,2.55
1790,85132B,CHARLIE AND LOLA TABLE TINS,9.95
1791,85132C,CHARLIE AND LOLA FIGURES TINS,9.95
1792,22215,CAKE STAND WHITE TWO TIER LACE,8.5
1795,20675,BLUE POLKADOT BOWL,1.25
1796,21239,PINK  POLKADOT CUP,0.85
1797,21987,PACK OF 6 SKULL PAPER CUPS,0.65
1798,21988,PACK OF 6 SKULL PAPER PLATES,0.85
1799,21989,PACK OF 20 SKULL PAPER NAPKINS,0.85
1800,22316,200 BENDY SKULL STRAWS,1.25
1801,22332,SKULLS PARTY BAG + STICKER SET,1.65
1802,21206,STRAWBERRY HONEYCOMB  GARLAND ,1.65
1805,20677,PINK POLKADOT BOWL,1.25
1812,22806,SET OF 6 T-LIGHTS WEDDING CAKE ,2.95
1815,22893,MINI CAKE STAND T-LIGHT HOLDER,0.42
1818,85159A,"BLACK TEA,COFFEE,SUGAR JARS",6.35
1819,21784,SHOE SHINE BOX ,9.95
1820,22849,BREAD BIN DINER STYLE MINT,16.95
1822,17090D,VANILLA INCENSE 40 CONES IN TIN,1.25
1825,17090A,LAVENDER INCENSE 40 CONES IN TIN,1.25
1826,72127,COLUMBIAN CANDLE ROUND ,1.25
1827,72133,COLUMBIAN CANDLE RECTANGLE,1.25
1828,84763,ZINC FINISH 15CM PLANTER POTS,1.25
1831,22450,SILK PURSE BABUSHKA BLUE,3.35
1832,10124G,ARMY CAMO BOOKCOVER TAPE,0.42
1833,84519B,CARROT CHARLIE+LOLA COASTER SET,2.95
1834,22505,MEMO BOARD COTTAGE DESIGN,4.95
1835,22514,CHILDS GARDEN SPADE BLUE,2.1
1836,21504,SKULLS GREETING CARD,0.42
1837,22292,HANGING CHICK  YELLOW DECORATION,1.45
1838,21211,SET OF 72 SKULL PAPER  DOILIES,1.45
1839,22045,SPACEBOY GIFT WRAP,0.42
1842,90175C,BLUE GLASS CHUNKY CHARM BRACELET,8.95
1843,90180A,BLACK+WHITE NECKLACE W TASSEL,9.95
1844,90178A,AMBER CHUNKY GLASS+BEAD NECKLACE,11.95
1845,22986,GINGHAM ROSE WRAP,0.42
1846,20984,12 PENCILS TALL TUBE POSY,0.85
1847,22436,12 COLOURED PARTY BALLOONS,0.65
1848,21465,PINK FLOWER CROCHET FOOD COVER,3.75
1849,21470,FLOWER VINE RAFFIA FOOD COVER,3.75
1850,16012,FOOD/DRINK SPONGE STICKERS,0.21
1851,85025C,PINK HEART SHAPE PHOTO FRAME,1.65
1852,21849,SILVER DIAMANTE PEN IN GIFT BOX,4.95
1853,85124B,BLUE JUICY FRUIT PHOTO FRAME,2.55
1854,85124C,GREEN JUICY FRUIT PHOTO FRAME,2.55
1855,20828,GLITTER BUTTERFLY CLIPS,2.55
1856,21623,VINTAGE UNION JACK MEMOBOARD,9.95
1863,16156S,WRAP PINK FAIRY CAKES ,0.42
1866,85049F,BABY BOOM RIBBONS ,1.25
1869,22426,ENAMEL WASH BOWL CREAM,3.75
1872,90082D,DIAMANTE BOW BROOCH BLACK COLOUR,6.35
1873,90082A,DIAMANTE BOW BROOCH GREEN COLOUR,6.35
1874,90082B,DIAMANTE BOW BROOCH RED COLOUR,6.35
1875,90081A,LILY BROOCH AMETHYST COLOUR,4.95
1876,90204,PAIR OF ENAMEL BUTTERFLY HAIRCLIP,3.35
1877,90185B,AMETHYST DIAMANTE EXPANDABLE RING,4.25
1878,90195A,PURPLE GEMSTONE BRACELET,8.95
1879,90195B,BLACK GEMSTONE BRACELET,8.95
1880,90196A,PURPLE GEMSTONE NECKLACE 45CM,12.75
1881,90199A,5 STRAND GLASS NECKLACE BLACK,6.35
1882,90186A,AMETHYST HOOP EARRING FLORAL LEAF,2.95
1883,20894,HANGING BAUBLE T-LIGHT HOLDER LARGE,2.95
1884,85106,CUT GLASS HEXAGON T-LIGHT HOLDER,2.55
1885,21415,CLAM SHELL SMALL ,2.1
1886,21416,CLAM SHELL LARGE,3.75
1887,21417,COCKLE SHELL DISH,2.1
1888,22343,PARTY PIZZA DISH RED RETROSPOT,0.85
1889,22474,SPACEBOY TV DINNER TRAY,4.95
1890,18097A,PINK TALL PORCELAIN T-LIGHT HOLDER ,2.55
1891,18097C,WHITE TALL PORCELAIN T-LIGHT HOLDER,2.55
1898,21902,"KEY FOB , FRONT  DOOR ",0.65
1899,21901,"KEY FOB , BACK DOOR ",0.65
1900,21948,SET OF 6 CAKE CHOPSTICKS,1.25
1901,20759,CHRYSANTHEMUM POCKET BOOK ,0.85
1902,20760,GARDEN PATH POCKET BOOK,0.85
1903,20757,RED DAISY POCKET BOOK ,0.85
1904,85185D,FROG SOCK PUPPET,2.95
1905,85185B,PINK HORSE SOCK PUPPET,2.95
1908,22439,6 ROCKET BALLOONS ,0.65
1914,79164,BLACK WINE GLASS,1.65
1915,84683,CLASSICAL ROSE CANDLESTAND,1.25
1916,79163,BLACK CHAMPAGNE GLASS,1.65
1917,22175,PINK OWL SOFT TOY,2.95
1922,21155,RED RETROSPOT PEG BAG,2.1
1923,15060B,FAIRY CAKE DESIGN UMBRELLA,3.75
1926,22985,"WRAP, BILLBOARD FONTS DESIGN",0.42
1927,22821,GIFT BAG PSYCHEDELIC APPLES,0.65
1930,22705,WRAP GREEN PEARS ,0.42
1931,84952C,,0
1936,72801C,4 ROSE PINK DINNER CANDLES,1.25
1937,72801D,4 SKY BLUE DINNER CANDLES,1.25
1938,21735,TWO DOOR CURIO CABINET,12.75
1942,21500,PINK POLKADOT WRAP ,0.42
1945,15036,ASSORTED COLOURS SILK FAN,0.75
1946,BANK CHARGES,Bank Charges,15
1953,21539,RED RETROSPOT BUTTER DISH,4.95
1954,22341,LOVE GARLAND PAINTED ZINC ,1.65
1957,22452,MEASURING TAPE BABUSHKA PINK,2.55
1958,21508,VINTAGE KID DOLLY CARD ,0.36
1959,21499,BLUE POLKADOT WRAP,0.34
1960,84952B,BLACK LOVE BIRD T-LIGHT HOLDER,1.25
1961,35001G,HAND OPEN SHAPE GOLD,3.39
1973,22264,FELT FARM ANIMAL WHITE BUNNY ,0.85
1979,22181,SNOWSTORM PHOTO FRAME FRIDGE MAGNET,0.85
1980,21392,RED POLKADOT PUDDING BOWL,2.1
1981,21393,BLUE POLKADOT PUDDING BOWL,2.1
1982,21268,VINTAGE BLUE TINSEL REEL,0.42
1983,85144,JARDIN ETCHED GLASS BUTTER DISH,7.25
1984,21025,SPACE FROG,1.25
1985,21031,SPACE CADET BLACK,1.25
1986,21030,SPACE CADET RED,1.25
1987,21026,SPACE OWL,1.25
1988,21032,SPACE CADET WHITE,1.25
1989,21578,WOODLAND DESIGN  COTTON TOTE BAG,2.25
1990,21357,TOAST ITS - DINOSAUR,1.25
1991,20766,GARDEN PATH SKETCHBOOK,3.75
1992,21399,BLUE POLKADOT COFFEE MUG,2.1
1993,22562,MONSTERS STENCIL CRAFT,1.25
1994,21714,CITRONELLA CANDLE GARDEN POT,1.25
1995,20751,FUNKY WASHING UP GLOVES ASSORTED,2.1
1996,22636,CHILDS BREAKFAST SET CIRCUS PARADE,8.5
1997,21426,WOODLAND STORAGE BOX SMALL,2.1
1998,21581,SKULLS  DESIGN  COTTON TOTE BAG,2.25
1999,90002D,FLOWER BURST SILVER RING CRYSTAL,3.75
2004,21900,"KEY FOB , SHED",0.65
2009,22031,BOTANICAL LAVENDER BIRTHDAY CARD,0.42
2016,21788,KIDS RAIN MAC BLUE,0.85
2019,22408,MONEY BOX CONFECTIONERY DESIGN,1.25
2020,22406,MONEY BOX KINGS CHOICE DESIGN,1.25
2030,22275,WEEKEND BAG VINTAGE ROSE PAISLEY,7.65
2035,22042,CHRISTMAS CARD SINGING ANGEL,0.42
2036,22089,PAPER BUNTING VINTAGE PAISLEY,2.95
2039,85066,CREAM SWEETHEART MINI CHEST,12.75
2042,21129,SILVER FISHING GNOME ,6.95
2050,21059,PARTY INVITES DINOSAURS,0.85
2051,22877,NUMBER TILE COTTAGE GARDEN 9,1.95
2054,22869,NUMBER TILE COTTAGE GARDEN 1,1.95
2055,22878,NUMBER TILE COTTAGE GARDEN No,2.1
2058,21240,BLUE POLKADOT CUP,0.85
2076,21927,BLUE/CREAM STRIPE CUSHION COVER ,1.25
2079,21925,UNION STRIPE CUSHION COVER ,1.25
2080,22763,KEY CABINET MA CAMPAGNE,9.95
2083,22334,DINOSAUR PARTY BAG + STICKER SET,1.65
2086,22655,VINTAGE RED KITCHEN CABINET,295
2090,22060,LARGE CAKE STAND HANGING HEARTS,9.95
2091,22061,LARGE CAKE STAND  HANGING STRAWBERY,9.95
2092,21531,RED RETROSPOT SUGAR JAM BOWL,2.55
2093,21039,RED RETROSPOT SHOPPING BAG,2.55
2094,21157,RED RETROSPOT WASHBAG,2.1
2095,16161P,WRAP ENGLISH ROSE ,0.42
2098,16161M,WRAP  PINK FLOCK,0.42
2099,85214,TUB 24 PINK FLOWER PEGS,1.65
2102,72232,FENG SHUI PILLAR CANDLE,0.19
2105,84247G,"DECOUPAGE,GREETING CARD,",0.42
2117,21530,DAIRY MAID TOASTRACK,2.95
2118,21528,DAIRY MAID TRADITIONAL TEAPOT ,6.95
2119,21114,LAVENDER SCENTED FABRIC HEART,1.25
2120,20615,BLUE POLKADOT PASSPORT COVER,2.1
2123,47021G,SET/6 BEAD COASTERS GAUZE BAG GOLD,1.25
2124,22443,GROW YOUR OWN HERBS SET OF 3,7.95
2127,21807,WHITE CHRISTMAS STAR DECORATION,0.42
2133,22689,DOORMAT MERRY CHRISTMAS RED ,6.75
2134,22591,CARDHOLDER GINGHAM CHRISTMAS TREE,2.55
2137,22504,CABIN BAG VINTAGE RETROSPOT,29.95
2142,22158,3 HEARTS HANGING DECORATION RUSTIC,2.95
2149,22621,TRADITIONAL KNITTING NANCY,1.45
2150,79000,MOROCCAN TEA GLASS,0.85
2153,85049B,LUSH GREENS RIBBONS,1.25
2158,21878,PACK OF 6 SANDCASTLE FLAGS ASSORTED,0.85
2161,85131A,BEADED PEARL HEART WHITE ON STICK,1.25
2164,15056bl,EDWARDIAN PARASOL BLACK,12.72
2166,15056p,EDWARDIAN PARASOL PINK,12.72
2167,20941,FROG CANDLE,2.51
2168,21066,VINTAGE RED MUG,2.51
2169,21205,MULTICOLOUR 3D BALLS GARLAND,5.06
2170,21361,LOVE LARGE WOOD LETTERS ,25.49
2171,21876,POTTERING MUG,3.36
2172,22167, OVAL WALL MIRROR DIAMANTE ,20.38
2173,22200,FRYING PAN PINK POLKADOT,8.47
2174,22412,METAL SIGN NEIGHBOURHOOD WITCH ,4.21
2175,22525,CHILDRENS GARDEN GLOVES PINK,3.36
2176,47566b,TEA TIME PARTY BUNTING,8.47
2177,72349b,SET/6 PURPLE BUTTERFLY T-LIGHTS,4.21
2178,84872a,TEATIME FUNKY FLOWER BACKPACK FOR 2,11.02
2179,84970l,SINGLE HEART ZINC T-LIGHT HOLDER,2.13
2180,84970s,HANGING HEART ZINC T-LIGHT HOLDER,2.13
2181,85039a,SET/4 RED MINI ROSE CANDLE IN BOWL,3.36
2182,10123C,HEARTS WRAPPING TAPE ,0.65
2185,10120,DOGGY RUBBER,0.21
2186,84006,MAGIC TREE -PAPER FLOWERS,0.85
2187,20767,BLUE PAISLEY JOURNAL ,2.55
2188,90094,NECKLACE+BRACELET SET FRUIT SALAD ,2.55
2189,21882,SKULLS TAPE,0.65
2191,20886,BOX OF 9 PEBBLE CANDLES,4.21
2192,21945,STRAWBERRIES  DESIGN FLANNEL ,1.66
2193,22133,PINK LOVE HEART SHAPE CUP,1.66
2194,22456,NATURAL SLATE CHALKBOARD LARGE ,10.17
2195,22891,TEA FOR ONE POLKADOT,8.47
2196,47566,PARTY BUNTING,9.32
2198,18098c,PORCELAIN BUTTERFLY OIL BURNER,5.06
2199,20655,QUEEN OF SKIES LUGGAGE TAG,2.51
2200,21100,CHARLIE AND LOLA CHARLOTTE BAG,4.21
2201,21201,TROPICAL  HONEYCOMB PAPER GARLAND ,5.06
2202,21558,SKULL LUNCH BOX WITH CUTLERY ,5.06
2203,21865,PINK UNION JACK  PASSPORT COVER ,4.21
2204,22132,RED LOVE HEART SHAPE CUP,1.66
2205,22166,WALL MIRROR RECTANGLE DIAMANTE PINK,16.13
2206,22518,CHILDS GARDEN BRUSH BLUE,4.21
2207,22628,PICNIC BOXES SET OF 3 RETROSPOT ,10.17
2208,84509c,SET OF 4 POLKADOT PLACEMATS ,7.62
2209,84534b,FAIRY CAKE NOTEBOOK A5 SIZE,1.66
2210,84559a,3D SHEET OF DOG STICKERS,1.69
2211,84596e,SMALL LICORICE DES PINK BOWL,2.51
2212,84884a,ANT WHITE WIRE HEART SPIRAL,8.47
2213,85014a,BLACK/BLUE POLKADOT UMBRELLA,12.72
2214,85014b,RED RETROSPOT UMBRELLA,12.72
2215,85036b,CHOCOLATE 1 WICK MORRIS BOX CANDLE,8.47
2216,72803b,OCEAN SCENT CANDLE JEWELLED DRAWER,8.47
2220,84993A,75 GREEN PETIT FOUR CASES,0.42
2221,84987,SET OF 36 TEATIME PAPER DOILIES,1.45
2222,20998,ROSE DU SUD OVEN GLOVE,2.95
2223,22702,BLACK AND WHITE CAT BOWL,2.1
2224,84925D,LA PALMIERA WALL THERMOMETER,2.55
2225,21078,SET/20 STRAWBERRY PAPER NAPKINS ,0.85
2227,22105,MIRROR MOSAIC GOBLET CANDLE HOLDER,4.21
2228,22163,HEART STRING MEMO HOLDER HANGING,3.36
2229,22216,T-LIGHT HOLDER WHITE LACE,1.66
2230,22248,DECORATION  PINK CHICK MAGIC GARDEN,1.66
2231,22250,DECORATION  BUTTERFLY  MAGIC GARDEN,1.66
2232,22251,BIRDHOUSE DECORATION MAGIC GARDEN,2.51
2233,22255,FELT TOADSTOOL  SMALL,1.66
2234,22288,HANGING METAL RABBIT DECORATION,2.51
2235,22363,GLASS JAR MARMALADE ,5.91
2236,22395,PAPERWEIGHT VINTAGE PAISLEY,5.06
2237,22483,RED GINGHAM TEDDY BEAR ,5.91
2238,22546,MINI JIGSAW PURDEY,0.85
2239,22609,PENS ASSORTED SPACEBALL,1.66
2240,22762,CUPBOARD 3 DRAWER MA CAMPAGNE,29.79
2241,22811,SET OF 6 T-LIGHTS CACTI ,5.91
2242,22882,NUMBER TILE VINTAGE FONT 3,4.21
2243,22884,NUMBER TILE VINTAGE FONT 5,4.21
2244,22908,PACK OF 20 NAPKINS RED APPLES,1.66
2245,35599B,BLACK CHRISTMAS TREE 120CM,5.91
2246,44234,ASSORTED CIRCULAR MOBILE,1.66
2247,71143,SILVER BOOK MARK WITH BEADS,2.51
2248,72351A,SET/6 TURQUOISE BUTTERFLY T-LIGHTS,4.21
2249,75049L,LARGE CIRCULAR MIRROR MOBILE,2.51
2250,75131,METAL TUBE CHIME ON BAMBOO,3.36
2251,79191B,RETRO PLASTIC POLKA TRAY,1.66
2252,82001S,VINYL RECORD FRAME SILVER,7.62
2253,84270,ASSTD DESIGN BUBBLE GUM RING,0.21
2254,84660C,PINK STITCHED WALL CLOCK,7.62
2255,84661B,BLACK SQUARE TABLE CLOCK,5.06
2256,84673B,BLUE FLY SWAT,1.28
2257,84927A,WAKE UP COCKEREL TILE HOOK,4.21
2258,84927F,PSYCHEDELIC TILE HOOK,4.21
2259,85025B,EAU DE NILE HEART SHAPE PHOTO FRAME,3.36
2260,85054,FRENCH ENAMEL POT W LID,5.91
2261,85055,FRENCH ENAMEL UTENSIL HOLDER,7.62
2262,85167B,BLACK GRAND BAROQUE PHOTO FRAME,8.47
2263,85169A,IVORY LOVE BIRD CANDLE,2.51
2264,85169C,EAU DE NIL LOVE BIRD CANDLE,2.51
2265,85169D,PINK LOVE BIRD CANDLE,2.51
2266,85203,HANGING WOOD AND FELT BUTTERFLY ,0.84
2267,90000D,COPPER/OLIVE GREEN FLOWER NECKLACE,6.37
2268,90003E,GREEN PAIR HEART HAIR SLIDES,3.81
2269,90028,NEW BAROQUE LARGE NECKLACE BLK/WHIT,8.49
2270,90060F,FIRE POLISHED GLASS NECKL GREEN,5.94
2271,90114,SUMMER DAISIES BAG CHARM,2.51
2272,90115,SUMMER BUTTERFLIES BAG CHARM,2.51
2273,90120B,BLUE MURANO TWIST BRACELET,4.24
2274,90141A,GREEN PENDANT TRIPLE SHELL NECKLACE,5.51
2275,90199B,5 STRAND GLASS NECKLACE AMETHYST,6.37
2276,90205A,LARGE MINT DIAMANTE HAIRSLIDE,1.69
2277,90214B,"LETTER ""B"" BLING KEY RING",0.85
2278,90214C,"LETTER ""C"" BLING KEY RING",0.85
2279,90214F,"LETTER ""F"" BLING KEY RING",0.85
2280,90214I,"LETTER ""I"" BLING KEY RING",0.85
2281,90214L,"LETTER ""L"" BLING KEY RING",0.85
2282,90214N,"LETTER ""N"" BLING KEY RING",0.85
2283,90214Y,"LETTER ""Y"" BLING KEY RING",0.85
2284,16218,CARTOON  PENCIL SHARPENERS,2.13
2285,16225,RATTLE SNAKE EGGS,3.36
2286,20686,DOLLY MIXTURE CHILDREN'S UMBRELLA,6.77
2287,21200,MULTICOLOUR HONEYCOMB PAPER GARLAND,1.65
2288,21051,RIBBONS PURSE ,4.21
2289,21112,"SWISS ROLL TOWEL, PINK  SPOTS",5.91
2290,21219,SET/4 BADGES BALLOON GIRL,2.51
2291,21224,SET/4 SKULL BADGES,2.51
2292,21261,GREEN GOOSE FEATHER CHRISTMAS TREE ,7.62
2293,21263,GREEN GOOSE FEATHER TREE 60CM,5.91
2294,21286,RETROSPOT CANDLE  LARGE,5.06
2295,21446,12 RED ROSE PEG PLACE SETTINGS,2.51
2296,21619,4 VANILLA BOTANICAL CANDLES,7.62
2297,21640,ASSORTED TUTTI FRUTTI  FOB NOTEBOOK,1.66
2298,21675,BUTTERFLIES STICKERS,1.66
2299,21725,SWEETIES  STICKERS,1.66
2300,21828,EIGHT PIECE SNAKE  SET,2.51
2301,21829,DINOSAUR KEYRINGS ASSORTED,0.43
2302,21903,MAN FLU METAL SIGN,4.21
2303,21936,RED RETROSPOT PICNIC BAG,5.91
2304,22959,WRAP CHRISTMAS VILLAGE,0.42
2310,17084R,ASSORTED INCENSE PACK,0.16
2311,17091J,VANILLA INCENSE IN TIN,0.85
2313,21027,NINJA RABBIT PINK,1.25
2314,84539,KNITTED RABBIT DOLL ,1.65
2315,90096,NECKLACE+BRACELET SET BLUE BLOSSOM,2.55
2316,21095,SET/6 POSIES PAPER PLATES,0.85
2323,85018D,YULETIDE IMAGES S/6 PAPER BOXES,2.55
2324,22732,3D VINTAGE CHRISTMAS STICKERS ,1.25
2327,47503J,SET/3 FLORAL GARDEN TOOLS IN BAG,7.95
2330,37464,ROBOT MUG IN DISPLAY BOX,1.25
2331,84247N,PACK/12 BLUE FOLKART CARDS,2.95
2332,84247K,"FOLK ART GREETING CARD,pack/12",2.95
2333,22035,VINTAGE CARAVAN GREETING CARD ,0.42
2334,21250,SET OF SKULL WALL STICKERS,2.95
2335,21677,HEARTS  STICKERS,0.85
2336,47504K,ENGLISH ROSE GARDEN SECATEURS,1.95
2337,84212,"ASSORTED FLOWER COLOUR ""LEIS""",0.65
2338,21377,SMALL CAMPHOR WOOD FIELD  MUSHROOM,1.65
2339,21379,CAMPHOR WOOD PORTOBELLO MUSHROOM,1.25
2340,37489D,PINK/GREEN FLOWER DESIGN BIG MUG,1.95
2341,17107D,"FLOWER FAIRY,5 SUMMER B'DRAW LINERS",2.55
2342,37489B,BLUE/YELLOW FLOWER DESIGN BIG MUG,1.95
2343,37489C,GREEN/BLUE FLOWER DESIGN BIG MUG,1.95
2344,21932,SCANDINAVIAN PAISLEY PICNIC BAG,2.95
2345,21933,PINK VINTAGE PAISLEY PICNIC BAG,2.95
2346,37489A,YELLOW/PINK FLOWER DESIGN BIG MUG,1.95
2350,22072,RED RETROSPOT TEA CUP AND SAUCER ,3.75
2354,21905,MORE BUTTER METAL SIGN ,2.1
2369,22414,DOORMAT NEIGHBOURHOOD WITCH ,7.95
2372,22116,METAL SIGN HIS DINNER IS SERVED,2.95
2373,85130A,BEADED PEARL HEART WHITE LARGE,1.65
2374,85129C,BEADED CRYSTAL HEART BLUE SMALL,1.25
2378,84849A,HELLO SAILOR BLUE SOAP HOLDER,1.69
2383,22137,BATHROOM SET LOVE HEART DESIGN,2.95
2388,85230B,CINNAMON SCENTED VOTIVE CANDLE,0.29
2389,85230F,JASMINE VOTIVE CANDLE,0.29
2390,22306,SILVER MUG BONE CHINA TREE OF LIFE,1.95
2393,20734,SILVER MINI TAPE MEASURE ,2.51
2394,20960,WATERMELON BATH SPONGE,2.51
2395,35970,ZINC FOLKART SLEIGH BELLS,4.21
2396,47559b,TEA TIME OVEN GLOVE,3.36
2397,47591d,PINK FAIRY CAKE CHILDRENS APRON,5.06
2398,48173c,DOORMAT BLACK FLOCK ,16.98
2399,82494l,WOODEN FRAME ANTIQUE WHITE ,8.47
2400,84030e,ENGLISH ROSE HOT WATER BOTTLE,8.47
2401,84997b,RED 3 PIECE RETROSPOT CUTLERY SET,8.47
2402,84997c,BLUE 3 PIECE POLKADOT CUTLERY SET,8.47
2403,84997d,PINK 3 PIECE POLKADOT CUTLERY SET,8.47
2404,85049a,TRADITIONAL CHRISTMAS RIBBONS,3.36
2405,85049e,SCANDINAVIAN REDS RIBBONS,3.36
2406,85099f,JUMBO BAG STRAWBERRY,5.06
2407,85123a,WHITE HANGING HEART T-LIGHT HOLDER,6.77
2410,84849D,HOT BATHS SOAP HOLDER,1.69
2412,84507C,BLUE CIRCLES DESIGN MONKEY DOLL,2.55
2413,20910,VINTAGE PHOTO ALBUM PARIS DAYS,6.35
2414,82616B,FRAPPUCINO SCARF KNITTING KIT,2.95
2419,90128B,BLUE LEAVES AND BEADS PHONE CHARM,1.25
2422,90196B,BLACK GEMSTONE NECKLACE 45CM,12.75
2423,90198B,VINTAGE ROSE BEAD BRACELET BLACK,4.25
2424,90152B,BLUE/GREEN SHELL NECKLACE W PENDANT,5.95
2425,90151,SILVER/NATURAL SHELL NECKLACE,8.5
2426,20661,BLUE POLKADOT PURSE ,2.95
2427,20652,BLUE POLKADOT LUGGAGE TAG ,1.25
2428,21845,DAIRY MAID STRIPE MUG,2.95
2429,22398,MAGNETS PACK OF 4 SWALLOWS,1.25
2430,84877D,BLUE ROUND COMPACT MIRROR,3.75
2431,20657,TROPICAL LUGGAGE TAG,1.25
2432,47422,ASSORTED MONKEY SUCTION CUP HOOK,0.42
2433,21642,ASSORTED TUTTI FRUTTI PEN,0.85
2434,47503H,ASS FLORAL PRINT SPIRIT LEVEL ,1.95
2435,72130,COLUMBIAN CANDLE ROUND,0.65
2436,72128,COLUMBIAN CANDLE ROUND,0.85
2439,47343A,FUSCHIA FLOWER PURSE WITH BEADS,1.49
2440,72802A,ROSE SCENT CANDLE IN JEWELLED BOX,4.25
2442,72802B,OCEAN SCENT CANDLE IN JEWELLED BOX,4.25
2443,21054,NURSE'S BAG SOFT TOY,8.95
2447,22339,CHRISTMAS TREE PAINTED ZINC ,0.65
2448,22337,ANGEL DECORATION PAINTED ZINC ,0.65
2453,84562A,PINK/WHITE RIBBED MELAMINE JUG,7.95
2454,21040,MODERN VINTAGE COTTON SHOPPING BAG,2.55
2455,21937,STRAWBERRY   PICNIC BAG,2.95
2456,22701,PINK DOG BOWL,2.95
2457,22362,GLASS JAR PEACOCK BATH SALTS,2.95
2458,82011C,BATHROOM SCALES FOOTPRINTS IN SAND,3.75
2459,84865,NEW BAROQUE BLACK PHOTO ALBUM,8.5
2462,35951,,0
2468,21414,,0
2470,21653,,0
2473,85126,,0
2476,21692,,0
2484,21535,,0
2489,21836,,0
2491,47556B,,0
2494,37474,,0
2497,21011,,0
2501,21287,SCENTED VELVET LOUNGE CANDLE ,1.25
2502,79337,BLUE FLOCK GLASS CANDLEHOLDER,1.65
2503,85111,SILVER GLITTER FLOWER VOTIVE HOLDER,1.25
2504,22307,GOLD MUG BONE CHINA TREE OF LIFE,1.95
2505,85078,SCANDINAVIAN 3 HEARTS NAPKIN RING,0.65
2506,85036B,CHOCOLATE 1 WICK MORRIS BOX CANDLE,4.25
2507,85034C,3 ROSE MORRIS BOXED CANDLES,4.25
2508,84614A,PINK BAROQUE FLOCK CANDLE HOLDER,5.95
2509,22509,SEWING BOX RETROSPOT DESIGN ,16.95
2513,90145,SILVER HOOP EARRINGS WITH FLOWER,5.95
2514,90143,SILVER BRACELET W PASTEL FLOWER,7.5
2515,90010A,MIDNIGHT BLUE GLASS/SILVER BRACELET,8.95
2516,90010B,BLACK/WHITE GLASS/SILVER BRACELET,8.95
2517,90050,CRACKED GLAZE NECKLACE IVORY,6.95
2518,90053,CRACKED GLAZE EARRINGS IVORY,2.55
2523,21696,,0
2529,21275,?,0
2533,20829,GLITTER HANGING BUTTERFLY STRING,2.1
2534,21947,SET OF 6 HEART CHOPSTICKS,1.25
2535,21726,MULTI HEARTS  STICKERS,0.85
2539,22671,FRENCH LAUNDRY SIGN BLUE METAL,1.65
2546,20936,FORKED CACTUS CANDLE,2.95
2551,84924A,WAKE UP COCKEREL CALENDAR SIGN ,3.75
2552,35810B,ENAMEL BLUE RIM COFFEE CONTAINER,2.1
2553,35241,ENAMEL BLUE RIM BISCUIT BIN,4.95
2556,17109D,FLOWER FAIRY INCENSE BOUQUET,1.69
2557,22853,CAT BOWL VINTAGE CREAM,3.25
2562,85034B,3 WHITE CHOC MORRIS BOXED CANDLES,4.25
2563,72800D,4 BLUE DINNER CANDLES SILVER FLOCK,2.55
2564,84819,DANISH ROSE ROUND SEWING BOX,4.25
2567,90185D,CRYSTAL DIAMANTE EXPANDABLE RING,4.25
2568,90175A,WHITE GLASS CHUNKY CHARM BRACELET,8.95
2573,22079,RIBBON REEL HEARTS DESIGN ,1.65
2574,90162B,ANT SILVER LIME GREEN BOUDICCA RING,2.95
2576,90162D,ANT SILVER PURPLE BOUDICCA RING,2.95
2579,21626,VINTAGE UNION JACK PENNANT,1.95
2582,90167,BEADED LOVE HEART JEWELLERY SET,0.85
2583,22403,MAGNETS PACK OF 4 VINTAGE LABELS ,1.25
2584,22563,HAPPY STENCIL CRAFT,1.25
2585,84827,ASS DES PHONE SPONGE CRAFT STICKER,0.65
2587,22799,SWEETHEART WIRE FRUIT BOWL,8.5
2588,22305,COFFEE MUG PINK PAISLEY DESIGN,2.55
2595,84898F,YELLOW FLOWERS FELT HANDBAG KIT,2.1
2598,22415,WHITE TISSUE REAM,7.95
2600,22256,FELT FARM ANIMAL CHICKEN,1.25
2601,47310M,"SMALL POP BOX,FUNKY MONKEY",1.25
2606,84508B,STRIPES DESIGN TEDDY,2.55
2609,21555,CERAMIC STRAWBERRY TRINKET TRAY,2.55
2610,22390,PAPERWEIGHT CHILDHOOD MEMORIES,2.55
2611,84963A,PINK PAINTED KASHMIRI CHAIR,42.95
2613,72349B,SET/6 PURPLE BUTTERFLY T-LIGHTS,2.1
2616,84993B,75 BLACK PETIT FOUR CASES,0.42
2620,85206A,CREAM FELT EASTER EGG BASKET,1.65
2621,22021,BLUE FELT EASTER EGG BASKET,1.65
2629,84596G,SMALL CHOCOLATES PINK BOWL,1.25
2633,21445,12 PINK ROSE PEG PLACE SETTINGS,1.25
2634,77101A,UNION FLAG WINDSOCK,1.25
2637,84358,FLOOR LAMP SHADE WOOD BASE,9.95
2642,21294,ETCHED GLASS COASTER,1.25
2643,21468,BUTTERFLY CROCHET FOOD COVER,3.75
2646,22123,PING MICROWAVE APRON,5.95
2647,22939,APRON APPLE DELIGHT,4.95
2650,71279,PINK GLASS CANDLEHOLDER,2.95
2655,22598,CHRISTMAS MUSICAL ZINC TREE,0.85
2656,22532,MAGIC DRAWING SLATE LEAP FROG ,0.42
2658,21413,PERIWINKLE T-LIGHT HOLDER,1.25
2659,79149B,SILICON STAR BULB  BLUE,0.42
2660,21682,LARGE MEDINA STAMPED METAL BOWL ,4.95
2661,78034B,BLUE NETTING STORAGE HANGER,1.95
2662,22894,TABLECLOTH RED APPLES DESIGN ,8.5
2663,79151B,"SILICON CUBE 25W, BLUE",0.42
2664,21090,SET/6 COLLAGE PAPER PLATES,0.85
2665,21209,MULTICOLOUR HONEYCOMB FAN,1.65
2666,22354,RETROSPOT PADDED SEAT CUSHION,3.75
2667,21635,MADRAS NOTEBOOK LARGE ,3.75
2670,35653,VINTAGE BEAD NOTEBOOK,2.95
2671,85130D,BEADED CRYSTAL HEART PINK LARGE,1.65
2672,15039,SANDALWOOD FAN,0.85
2673,84978,HANGING HEART JAR T-LIGHT HOLDER,1.25
2674,84569D,PACK 6 HEART/ICE-CREAM PATCHES,1.25
2675,84921,CREAM AND PINK FLOWERS PONY ,3.75
2678,84508C,BLUE CIRCLES DESIGN TEDDY,2.55
2682,90086,CRYSTAL FROG PHONE CHARM,0.85
2683,62018,SOMBRERO ,1.95
2684,16011,ANIMAL STICKERS,0.21
2685,85179A,GREEN BITTY LIGHT CHAIN,4.65
2686,21785,RAIN PONCHO ,0.85
2687,21650,ASSORTED TUTTI FRUTTI BRACELET,0.65
2688,84874B,BLUE TRAVEL FIRST AID KIT,1.65
2692,22674,FRENCH TOILET SIGN BLUE METAL,1.25
2696,72051S,BAG OF SILVER STONES,0.42
2697,20764,ABSTRACT CIRCLES SKETCHBOOK ,3.75
2698,47579,TEA TIME BREAKFAST BASKET,2.1
2699,21723,ALPHABET HEARTS STICKER SHEET,0.85
2700,35953,FOLKART STAR CHRISTMAS DECORATIONS,1.25
2701,84051,ASS COLOUR GLOWING TIARAS,0.85
2702,21187,WHITE BELL HONEYCOMB PAPER GARLAND ,1.65
2705,22034,ROBIN CHRISTMAS CARD,0.42
2709,20980,36 PENCILS TUBE POSY,1.25
2710,35958,FOLKART ZINC STAR CHRISTMAS DEC,0.85
2713,75013B,"STRING OF 8 BUTTERFLIES,PINK",1.65
2714,22830,UTILTY CABINET WITH HOOKS,26.95
2719,22684,FRENCH BLUE METAL DOOR SIGN 9,1.25
2720,82011B,BATHROOM SCALES RUBBER DUCKS,3.75
2721,21630,FLOOR CUSHION ELEPHANT CARNIVAL,8.95
2726,21580,RABBIT  DESIGN  COTTON TOTE BAG,2.25
2730,22231,JIGSAW TREE WITH BIRDHOUSE,1.45
2732,22859,EASTER TIN BUNNY BOUQUET,1.65
2735,22860,EASTER TIN CHICKS PINK DAISY,1.65
2736,22093,MOTORING TISSUE BOX,1.25
2737,20748,KENSINGTON COFFEE SET,12.75
2738,85208,SET/12 FUNKY FELT FLOWER PEG IN BAG,2.1
2739,22129,PARTY CONES CANDY TREE DECORATION,0.85
2740,22808,SET OF 6 T-LIGHTS EASTER CHICKS,2.95
2741,20702,PINK PADDED MOBILE,4.25
2742,85187,S/12 MINI RABBIT EASTER,1.65
2745,21683,MEDIUM MEDINA STAMPED METAL BOWL ,2.95
2746,22770,MIRROR CORNICE,14.95
2750,84563B,BLUE & WHITE BREAKFAST TRAY,5.95
2753,79190A,RETRO PLASTIC 70'S TRAY,0.42
2754,15034,PAPER POCKET TRAVELING FAN ,0.14
2755,85129B,BEADED CRYSTAL HEART GREEN SMALL,1.25
2756,35924,HANGING FAIRY CAKE DECORATION,2.1
2757,20671,BLUE TEATIME PRINT BOWL ,1.25
2758,21904,HOUSE WRECKING METAL SIGN ,2.1
2759,22843,BISCUIT TIN VINTAGE GREEN,6.75
2762,22199,FRYING PAN RED RETROSPOT,4.25
2763,84968A,SET OF 16 VINTAGE ROSE CUTLERY,12.75
2769,47369A,PINK GREEN EMBROIDERY COSMETIC BAG,2.95
2770,47369B,BLUE GREEN EMBROIDERY COSMETIC BAG,2.95
2771,47367B,PAIR PADDED HANGERS PINK CHECK,3.75
2775,21695,SMALL SILVER FLOWER CANDLE POT,2.95
2776,84773,RED ROSE AND LACE C/COVER,2.95
2778,21424,WOODLAND STORAGE BOX LARGE ,2.95
2781,21819,GLITTER CHRISTMAS STAR ,0.85
2782,22817,CARD SUKI BIRTHDAY,0.42
2783,16161U,WRAP SUKI AND FRIENDS,0.42
2786,22252,BIRDCAGE DECORATION TEALIGHT HOLDER,1.25
2791,21401,BLUE PUDDING SPOON,0.42
2792,84597C,RETRO PINK BALL ASHTRAY ,1.25
2793,51020A,SUMMER FUN DESIGN SHOWER CAP,1.25
2794,51020B,STRIPY DESIGN SHOWER CAP,1.25
2795,21306,SET/4 DAISY MIRROR MAGNETS,2.1
2796,21311,SET/4 BIRD MIRROR MAGNETS ,2.1
2797,21307,SET/4 BUTTERFLY MIRROR MAGNETS,2.1
2798,21277,FRENCH STYLE EMBOSSED HEART CABINET,21.95
2799,22475,SKULL DESIGN TV DINNER TRAY,4.95
2800,90200E,GREEN SWEETHEART BRACELET,4.25
2801,90062,CARNIVAL BRACELET,12.75
2803,21616,4 PEAR BOTANICAL DINNER CANDLES,3.75
2804,20659,ECONOMY LUGGAGE TAG,1.25
2805,20985,HEART CALCULATOR,1.25
2808,84596L,BISCUITS SMALL BOWL LIGHT BLUE,1.25
2809,84596F,SMALL MARSHMALLOWS PINK BOWL,1.25
2814,22346,PARTY PIZZA DISH GREEN POLKADOT,0.85
2815,22344,PARTY PIZZA DISH PINK POLKADOT,0.85
2817,85215,ASSORTED CHEESE FRIDGE MAGNETS,0.65
2822,85062,PEARL CRYSTAL PUMPKIN T-LIGHT HLDR,1.65
2828,22984,CARD GINGHAM ROSE ,0.42
2831,85036C,ROSE 1 WICK MORRIS BOXED CANDLE,4.25
2841,21202,DOLLY HONEYCOMB GARLAND,1.65
2842,84531A,PINK KNITTED EGG COSY,1.95
2843,84531B,BLUE KNITTED EGG COSY,1.95
2844,21910,WAY OUT METAL SIGN ,1.65
2845,22461,SAVOY ART DECO CLOCK,12.75
2846,22833,HALL CABINET WITH 3 DRAWERS,49.95
2847,22690,DOORMAT HOME SWEET HOME BLUE ,7.95
2848,84881,BLUE WIRE SPIRAL CANDLE HOLDER,6.35
2849,21613,S/12 VANILLA  BOTANICAL T-LIGHTS,2.95
2850,21693,SMALL HAMMERED SILVER CANDLEPOT ,2.95
